valid_time,SpotPriceEUR,temperature_2m,wind_speed_10m,shortwave_radiation
2025-07-02 22:00:00,83.489998,,,
2025-07-02 23:00:00,80.910004,,,
2025-07-03 00:00:00,62.950001,,,
2025-07-03 01:00:00,44.080002,,,
2025-07-03 02:00:00,33.189999,,,
2025-07-03 03:00:00,13.58,,,
2025-07-03 04:00:00,4.08,,,
2025-07-03 05:00:00,2.58,,,
2025-07-03 06:00:00,2.3,,,
2025-07-03 07:00:00,0.0,,,
2025-07-03 08:00:00,-0.01,,,
2025-07-03 09:00:00,0.0,,,
2025-07-03 10:00:00,0.02,,,
2025-07-03 11:00:00,0.06,,,
2025-07-03 12:00:00,0.0,,,
2025-07-03 13:00:00,0.05,,,
2025-07-03 14:00:00,2.03,,,
2025-07-03 15:00:00,3.16,,,
2025-07-03 16:00:00,4.21,,,
2025-07-03 17:00:00,74.0,,,
2025-07-03 18:00:00,131.050003,,,
2025-07-03 19:00:00,151.100006,,,
2025-07-03 20:00:00,133.300003,,,
2025-07-03 21:00:00,117.029999,,,
2025-07-03 22:00:00,109.07,,,
2025-07-03 23:00:00,103.459999,,,
2025-07-04 00:00:00,99.980003,,,
2025-07-04 01:00:00,96.379997,,,
2025-07-04 02:00:00,95.010002,,,
2025-07-04 03:00:00,87.330002,,,
2025-07-04 04:00:00,96.699997,,,
2025-07-04 05:00:00,111.290001,,,
2025-07-04 06:00:00,100.0,,,
2025-07-04 07:00:00,81.93,,,
2025-07-04 08:00:00,54.189999,,,
2025-07-04 09:00:00,6.69,,,
2025-07-04 10:00:00,-0.05,,,
2025-07-04 11:00:00,-1.56,,,
2025-07-04 12:00:00,-1.37,,,
2025-07-04 13:00:00,-0.61,,,
2025-07-04 14:00:00,2.39,,,
2025-07-04 15:00:00,39.919998,,,
2025-07-04 16:00:00,74.57,,,
2025-07-04 17:00:00,90.82,,,
2025-07-04 18:00:00,91.529999,,,
2025-07-04 19:00:00,96.760002,,,
2025-07-04 20:00:00,107.830002,,,
2025-07-04 21:00:00,92.239998,,,
2025-07-04 22:00:00,57.130001,,,
2025-07-04 23:00:00,44.200001,,,
2025-07-05 00:00:00,25.040001,,,
2025-07-05 01:00:00,21.059999,,,
2025-07-05 02:00:00,13.0,,,
2025-07-05 03:00:00,8.7,,,
2025-07-05 04:00:00,11.9,,,
2025-07-05 05:00:00,25.16,,,
2025-07-05 06:00:00,17.860001,,,
2025-07-05 07:00:00,3.34,,,
2025-07-05 08:00:00,0.66,,,
2025-07-05 09:00:00,0.55,,,
2025-07-05 10:00:00,-0.08,,,
2025-07-05 11:00:00,-0.54,,,
2025-07-05 12:00:00,-1.49,,,
2025-07-05 13:00:00,-0.9,,,
2025-07-05 14:00:00,-2.0,,,
2025-07-05 15:00:00,0.0,,,
2025-07-05 16:00:00,28.0,,,
2025-07-05 17:00:00,51.290001,,,
2025-07-05 18:00:00,79.480003,,,
2025-07-05 19:00:00,105.360001,,,
2025-07-05 20:00:00,112.269997,,,
2025-07-05 21:00:00,107.230003,,,
2025-07-05 22:00:00,80.029999,,,
2025-07-05 23:00:00,70.0,,,
2025-07-06 00:00:00,73.919998,,,
2025-07-06 01:00:00,74.129997,,,
2025-07-06 02:00:00,73.489998,,,
2025-07-06 03:00:00,79.669998,,,
2025-07-06 04:00:00,78.459999,,,
2025-07-06 05:00:00,77.57,,,
2025-07-06 06:00:00,70.57,,,
2025-07-06 07:00:00,38.810001,,,
2025-07-06 08:00:00,19.209999,,,
2025-07-06 09:00:00,13.19,,,
2025-07-06 10:00:00,10.26,,,
2025-07-06 11:00:00,5.85,,,
2025-07-06 12:00:00,11.2,,,
2025-07-06 13:00:00,50.57,,,
2025-07-06 14:00:00,70.769997,,,
2025-07-06 15:00:00,100.290001,,,
2025-07-06 16:00:00,107.370003,,,
2025-07-06 17:00:00,112.160004,,,
2025-07-06 18:00:00,120.32,,,
2025-07-06 19:00:00,125.040001,,,
2025-07-06 20:00:00,122.209999,,,
2025-07-06 21:00:00,110.779999,,,
2025-07-06 22:00:00,118.839996,,,
2025-07-06 23:00:00,107.419998,,,
2025-07-07 00:00:00,101.919998,,,
2025-07-07 01:00:00,99.120003,,,
2025-07-07 02:00:00,101.0,,,
2025-07-07 03:00:00,100.900002,,,
2025-07-07 04:00:00,125.120003,,,
2025-07-07 05:00:00,131.009995,,,
2025-07-07 06:00:00,146.639999,,,
2025-07-07 07:00:00,131.990005,,,
2025-07-07 08:00:00,108.639999,,,
2025-07-07 09:00:00,92.370003,,,
2025-07-07 10:00:00,78.720001,,,
2025-07-07 11:00:00,61.07,,,
2025-07-07 12:00:00,52.610001,,,
2025-07-07 13:00:00,50.669998,,,
2025-07-07 14:00:00,45.950001,,,
2025-07-07 15:00:00,60.310001,,,
2025-07-07 16:00:00,77.980003,,,
2025-07-07 17:00:00,92.269997,,,
2025-07-07 18:00:00,97.279999,,,
2025-07-07 19:00:00,109.919998,,,
2025-07-07 20:00:00,110.089996,,,
2025-07-07 21:00:00,87.300003,,,
2025-07-07 22:00:00,103.830002,,,
2025-07-07 23:00:00,92.900002,,,
2025-07-08 00:00:00,81.489998,,,
2025-07-08 01:00:00,84.779999,,,
2025-07-08 02:00:00,85.370003,,,
2025-07-08 03:00:00,91.139999,,,
2025-07-08 04:00:00,107.989998,,,
2025-07-08 05:00:00,118.650002,,,
2025-07-08 06:00:00,117.760002,,,
2025-07-08 07:00:00,94.059998,,,
2025-07-08 08:00:00,81.779999,,,
2025-07-08 09:00:00,78.440002,,,
2025-07-08 10:00:00,60.150002,,,
2025-07-08 11:00:00,54.720001,,,
2025-07-08 12:00:00,53.040001,,,
2025-07-08 13:00:00,54.650002,,,
2025-07-08 14:00:00,65.199997,,,
2025-07-08 15:00:00,79.980003,,,
2025-07-08 16:00:00,83.919998,,,
2025-07-08 17:00:00,102.099998,,,
2025-07-08 18:00:00,122.769997,,,
2025-07-08 19:00:00,123.339996,,,
2025-07-08 20:00:00,116.650002,,,
2025-07-08 21:00:00,100.949997,,,
2025-07-08 22:00:00,97.150002,,,
2025-07-08 23:00:00,86.849998,,,
2025-07-09 00:00:00,83.860001,,,
2025-07-09 01:00:00,84.650002,,,
2025-07-09 02:00:00,85.099998,,,
2025-07-09 03:00:00,96.150002,,,
2025-07-09 04:00:00,113.660004,,,
2025-07-09 05:00:00,116.459999,,,
2025-07-09 06:00:00,113.589996,,,
2025-07-09 07:00:00,95.660004,,,
2025-07-09 08:00:00,84.68,,,
2025-07-09 09:00:00,77.769997,,,
2025-07-09 10:00:00,65.669998,,,
2025-07-09 11:00:00,46.689999,,,
2025-07-09 12:00:00,37.779999,,,
2025-07-09 13:00:00,48.32,,,
2025-07-09 14:00:00,71.129997,,,
2025-07-09 15:00:00,84.730003,,,
2025-07-09 16:00:00,99.010002,,,
2025-07-09 17:00:00,115.980003,,,
2025-07-09 18:00:00,135.339996,,,
2025-07-09 19:00:00,138.240005,,,
2025-07-09 20:00:00,119.790001,,,
2025-07-09 21:00:00,104.900002,,,
2025-07-09 22:00:00,100.910004,,,
2025-07-09 23:00:00,95.730003,,,
2025-07-10 00:00:00,89.099998,,,
2025-07-10 01:00:00,86.449997,,,
2025-07-10 02:00:00,87.970001,,,
2025-07-10 03:00:00,98.620003,,,
2025-07-10 04:00:00,107.610001,,,
2025-07-10 05:00:00,107.230003,,,
2025-07-10 06:00:00,105.349998,,,
2025-07-10 07:00:00,88.900002,,,
2025-07-10 08:00:00,82.0,,,
2025-07-10 09:00:00,65.330002,,,
2025-07-10 10:00:00,45.220001,,,
2025-07-10 11:00:00,39.509998,,,
2025-07-10 12:00:00,39.549999,,,
2025-07-10 13:00:00,56.709999,,,
2025-07-10 14:00:00,76.800003,,,
2025-07-10 15:00:00,86.400002,,,
2025-07-10 16:00:00,100.199997,,,
2025-07-10 17:00:00,114.389999,,,
2025-07-10 18:00:00,134.669998,,,
2025-07-10 19:00:00,132.699997,,,
2025-07-10 20:00:00,120.879997,,,
2025-07-10 21:00:00,107.690002,,,
2025-07-10 22:00:00,104.75,,,
2025-07-10 23:00:00,99.57,,,
2025-07-11 00:00:00,95.0,,,
2025-07-11 01:00:00,90.690002,,,
2025-07-11 02:00:00,91.529999,,,
2025-07-11 03:00:00,99.400002,,,
2025-07-11 04:00:00,107.410004,,,
2025-07-11 05:00:00,105.919998,,,
2025-07-11 06:00:00,105.18,,,
2025-07-11 07:00:00,93.300003,,,
2025-07-11 08:00:00,82.900002,,,
2025-07-11 09:00:00,73.150002,,,
2025-07-11 10:00:00,63.82,,,
2025-07-11 11:00:00,42.16,,,
2025-07-11 12:00:00,32.040001,,,
2025-07-11 13:00:00,38.099998,,,
2025-07-11 14:00:00,59.549999,,,
2025-07-11 15:00:00,83.150002,,,
2025-07-11 16:00:00,86.440002,,,
2025-07-11 17:00:00,101.93,,,
2025-07-11 18:00:00,117.5,,,
2025-07-11 19:00:00,118.080002,,,
2025-07-11 20:00:00,113.800003,,,
2025-07-11 21:00:00,103.82,,,
2025-07-11 22:00:00,112.230003,,,
2025-07-11 23:00:00,104.57,,,
2025-07-12 00:00:00,90.199997,,,
2025-07-12 01:00:00,85.0,,,
2025-07-12 02:00:00,85.660004,,,
2025-07-12 03:00:00,84.559998,,,
2025-07-12 04:00:00,75.0,,,
2025-07-12 05:00:00,71.650002,,,
2025-07-12 06:00:00,66.800003,,,
2025-07-12 07:00:00,40.59,,,
2025-07-12 08:00:00,18.190001,,,
2025-07-12 09:00:00,3.0,,,
2025-07-12 10:00:00,0.22,,,
2025-07-12 11:00:00,0.0,,,
2025-07-12 12:00:00,0.0,,,
2025-07-12 13:00:00,0.22,,,
2025-07-12 14:00:00,16.77,,,
2025-07-12 15:00:00,71.269997,,,
2025-07-12 16:00:00,102.0,,,
2025-07-12 17:00:00,106.849998,,,
2025-07-12 18:00:00,120.0,,,
2025-07-12 19:00:00,125.019997,,,
2025-07-12 20:00:00,125.0,,,
2025-07-12 21:00:00,115.419998,,,
2025-07-12 22:00:00,115.349998,,,
2025-07-12 23:00:00,109.139999,,,
2025-07-13 00:00:00,108.419998,16.5,11.3,0.0
2025-07-13 01:00:00,107.349998,16.5,13.8,0.0
2025-07-13 02:00:00,104.639999,16.1,16.7,0.0
2025-07-13 03:00:00,100.849998,15.8,17.3,0.0
2025-07-13 04:00:00,95.800003,16.0,18.6,28.0
2025-07-13 05:00:00,92.18,16.6,18.5,88.0
2025-07-13 06:00:00,87.940002,17.5,20.4,215.0
2025-07-13 07:00:00,57.619999,18.2,25.3,355.0
2025-07-13 08:00:00,4.28,18.0,25.5,300.0
2025-07-13 09:00:00,0.05,18.2,23.3,362.0
2025-07-13 10:00:00,0.0,19.2,21.4,472.0
2025-07-13 11:00:00,0.0,20.4,21.3,687.0
2025-07-13 12:00:00,0.0,21.2,21.8,716.0
2025-07-13 13:00:00,0.0,20.9,22.2,698.0
2025-07-13 14:00:00,2.36,21.1,19.2,583.0
2025-07-13 15:00:00,73.400002,21.8,19.1,482.0
2025-07-13 16:00:00,100.610001,21.4,19.9,381.0
2025-07-13 17:00:00,113.739998,21.3,19.2,283.0
2025-07-13 18:00:00,120.0,20.8,17.0,189.0
2025-07-13 19:00:00,127.699997,19.9,16.2,92.0
2025-07-13 20:00:00,126.940002,18.6,14.2,17.0
2025-07-13 21:00:00,115.410004,17.9,12.9,0.0
2025-07-13 22:00:00,114.019997,17.4,11.9,0.0
2025-07-13 23:00:00,104.010002,17.1,11.5,0.0
2025-07-14 00:00:00,98.169998,17.1,10.7,0.0
2025-07-14 01:00:00,94.940002,17.2,10.5,0.0
2025-07-14 02:00:00,99.110001,16.4,9.6,0.0
2025-07-14 03:00:00,107.18,16.4,10.0,0.0
2025-07-14 04:00:00,117.870003,16.9,11.7,22.0
2025-07-14 05:00:00,121.620003,17.2,10.9,69.0
2025-07-14 06:00:00,112.059998,18.2,13.5,197.0
2025-07-14 07:00:00,92.43,19.0,14.5,345.0
2025-07-14 08:00:00,84.580002,19.7,13.9,420.0
2025-07-14 09:00:00,79.669998,20.6,12.6,568.0
2025-07-14 10:00:00,70.980003,21.4,11.4,677.0
2025-07-14 11:00:00,64.169998,21.7,13.0,743.0
2025-07-14 12:00:00,57.150002,21.3,13.3,754.0
2025-07-14 13:00:00,55.82,21.7,10.9,703.0
2025-07-14 14:00:00,71.099998,21.6,11.0,693.0
2025-07-14 15:00:00,84.580002,21.4,8.6,583.0
2025-07-14 16:00:00,98.940002,21.3,8.2,463.0
2025-07-14 17:00:00,110.110001,21.0,6.2,348.0
2025-07-14 18:00:00,139.990005,20.4,5.8,221.0
2025-07-14 19:00:00,141.570007,19.6,4.8,101.0
2025-07-14 20:00:00,126.139999,18.5,3.7,18.0
2025-07-14 21:00:00,115.150002,17.5,2.7,0.0
2025-07-14 22:00:00,106.099998,16.9,1.8,0.0
2025-07-14 23:00:00,103.059998,16.3,1.3,0.0
2025-07-15 00:00:00,93.860001,15.7,1.2,0.0
2025-07-15 01:00:00,88.279999,15.1,3.0,0.0
2025-07-15 02:00:00,87.120003,14.3,1.3,0.0
2025-07-15 03:00:00,93.0,13.7,2.9,0.0
2025-07-15 04:00:00,110.330002,13.7,2.5,21.0
2025-07-15 05:00:00,113.410004,14.9,4.1,87.0
2025-07-15 06:00:00,106.860001,16.5,1.9,165.0
2025-07-15 07:00:00,90.82,18.2,3.3,286.0
2025-07-15 08:00:00,77.669998,19.7,5.5,447.0
2025-07-15 09:00:00,65.0,20.5,7.2,506.0
2025-07-15 10:00:00,59.189999,20.8,8.8,504.0
2025-07-15 11:00:00,47.259998,20.0,12.1,479.0
2025-07-15 12:00:00,40.200001,21.0,7.6,447.0
2025-07-15 13:00:00,42.57,19.9,12.5,508.0
2025-07-15 14:00:00,65.0,20.1,11.9,528.0
2025-07-15 15:00:00,84.870003,20.1,12.4,544.0
2025-07-15 16:00:00,101.540001,18.7,14.0,311.0
2025-07-15 17:00:00,108.150002,17.9,15.0,173.0
2025-07-15 18:00:00,119.779999,17.1,16.2,109.0
2025-07-15 19:00:00,141.990005,16.8,17.1,48.0
2025-07-15 20:00:00,121.279999,16.1,17.4,12.0
2025-07-15 21:00:00,112.449997,15.4,18.1,0.0
2025-07-15 22:00:00,97.629997,15.1,19.1,0.0
2025-07-15 23:00:00,93.989998,14.5,21.3,0.0
2025-07-16 00:00:00,86.669998,14.1,19.7,0.0
2025-07-16 01:00:00,83.43,14.6,18.2,0.0
2025-07-16 02:00:00,84.260002,14.1,13.7,0.0
2025-07-16 03:00:00,90.410004,14.4,13.7,0.0
2025-07-16 04:00:00,105.739998,14.4,14.3,5.0
2025-07-16 05:00:00,112.629997,14.6,16.4,26.0
2025-07-16 06:00:00,111.919998,15.2,16.8,72.0
2025-07-16 07:00:00,104.209999,15.8,14.4,145.0
2025-07-16 08:00:00,89.800003,16.3,15.2,177.0
2025-07-16 09:00:00,85.650002,17.1,18.4,281.0
2025-07-16 10:00:00,81.959999,17.7,15.6,304.0
2025-07-16 11:00:00,78.620003,18.6,13.8,406.0
2025-07-16 12:00:00,68.059998,19.3,12.3,516.0
2025-07-16 13:00:00,69.199997,19.3,11.1,368.0
2025-07-16 14:00:00,80.860001,20.1,12.3,478.0
2025-07-16 15:00:00,89.089996,19.6,15.5,344.0
2025-07-16 16:00:00,95.489998,19.2,14.8,207.0
2025-07-16 17:00:00,108.370003,18.8,13.0,118.0
2025-07-16 18:00:00,119.720001,18.5,11.8,93.0
2025-07-16 19:00:00,129.039993,18.0,11.4,31.0
2025-07-16 20:00:00,120.709999,17.7,12.5,9.0
2025-07-16 21:00:00,110.550003,17.3,12.0,0.0
2025-07-16 22:00:00,103.760002,17.3,12.1,0.0
2025-07-16 23:00:00,98.330002,16.9,11.5,0.0
2025-07-17 00:00:00,89.959999,16.9,13.8,0.0
2025-07-17 01:00:00,84.809998,17.2,13.7,0.0
2025-07-17 02:00:00,85.760002,16.8,11.3,0.0
2025-07-17 03:00:00,89.0,16.8,12.4,0.0
2025-07-17 04:00:00,92.540001,16.7,14.5,20.0
2025-07-17 05:00:00,110.330002,17.4,15.9,96.0
2025-07-17 06:00:00,105.919998,18.6,17.7,200.0
2025-07-17 07:00:00,93.099998,19.9,17.7,298.0
2025-07-17 08:00:00,85.0,21.0,19.4,363.0
2025-07-17 09:00:00,77.07,21.7,19.3,446.0
2025-07-17 10:00:00,70.169998,22.5,16.9,534.0
2025-07-17 11:00:00,55.259998,22.9,14.1,580.0
2025-07-17 12:00:00,49.779999,23.0,13.1,587.0
2025-07-17 13:00:00,66.18,23.4,13.2,655.0
2025-07-17 14:00:00,74.790001,23.7,11.2,621.0
2025-07-17 15:00:00,82.709999,23.8,10.5,552.0
2025-07-17 16:00:00,94.980003,23.9,9.2,451.0
2025-07-17 17:00:00,109.730003,23.6,7.5,321.0
2025-07-17 18:00:00,120.75,23.1,4.0,203.0
2025-07-17 19:00:00,132.0,21.9,2.1,90.0
2025-07-17 20:00:00,125.07,20.1,2.5,14.0
2025-07-17 21:00:00,114.18,19.3,1.7,0.0
2025-07-17 22:00:00,106.800003,18.6,1.0,0.0
2025-07-17 23:00:00,99.150002,18.0,0.8,0.0
2025-07-18 00:00:00,95.360001,17.5,1.7,0.0
2025-07-18 01:00:00,96.370003,16.9,6.5,0.0
2025-07-18 02:00:00,98.660004,16.7,6.1,0.0
2025-07-18 03:00:00,108.230003,16.5,7.2,0.0
2025-07-18 04:00:00,115.919998,16.9,5.8,19.0
2025-07-18 05:00:00,116.169998,17.7,0.9,95.0
2025-07-18 06:00:00,109.389999,19.6,3.0,225.0
2025-07-18 07:00:00,98.129997,21.5,2.2,374.0
2025-07-18 08:00:00,84.980003,22.5,6.2,508.0
2025-07-18 09:00:00,82.019997,22.3,8.2,625.0
2025-07-18 10:00:00,80.0,22.7,6.6,713.0
2025-07-18 11:00:00,73.019997,23.1,7.0,758.0
2025-07-18 12:00:00,71.199997,23.4,8.0,788.0
2025-07-18 13:00:00,72.68,25.3,13.0,748.0
2025-07-18 14:00:00,79.989998,24.7,7.0,616.0
2025-07-18 15:00:00,84.07,24.0,10.5,505.0
2025-07-18 16:00:00,99.919998,23.5,9.3,428.0
2025-07-18 17:00:00,120.0,23.3,7.7,330.0
2025-07-18 18:00:00,146.550003,22.7,6.1,205.0
2025-07-18 19:00:00,144.440002,22.0,4.5,91.0
2025-07-18 20:00:00,125.879997,20.3,7.4,14.0
2025-07-18 21:00:00,113.480003,19.4,5.7,0.0
2025-07-18 22:00:00,107.599998,18.8,3.9,0.0
2025-07-18 23:00:00,105.349998,18.2,3.3,0.0
2025-07-19 00:00:00,103.190002,17.8,2.2,0.0
2025-07-19 01:00:00,101.629997,16.6,1.1,0.0
2025-07-19 02:00:00,98.379997,15.9,1.5,0.0
2025-07-19 03:00:00,93.690002,15.6,1.4,0.0
2025-07-19 04:00:00,98.389999,16.0,1.1,16.0
2025-07-19 05:00:00,86.889999,16.9,0.9,71.0
2025-07-19 06:00:00,78.889999,18.2,1.1,182.0
2025-07-19 07:00:00,52.98,20.4,1.9,324.0
2025-07-19 08:00:00,10.0,21.8,3.8,480.0
2025-07-19 09:00:00,0.65,22.8,4.9,585.0
2025-07-19 10:00:00,0.0,23.4,6.2,687.0
2025-07-19 11:00:00,-0.01,23.7,7.1,736.0
2025-07-19 12:00:00,0.0,24.0,8.0,759.0
2025-07-19 13:00:00,2.08,25.1,9.1,702.0
2025-07-19 14:00:00,29.33,24.8,8.5,643.0
2025-07-19 15:00:00,76.849998,24.5,8.5,564.0
2025-07-19 16:00:00,98.400002,23.5,8.7,420.0
2025-07-19 17:00:00,114.470001,22.4,6.9,302.0
2025-07-19 18:00:00,112.870003,21.0,6.2,183.0
2025-07-19 19:00:00,108.080002,19.5,7.5,73.0
2025-07-19 20:00:00,105.629997,18.4,6.2,11.0
2025-07-19 21:00:00,98.07,18.1,5.3,0.0
2025-07-19 22:00:00,85.410004,18.0,5.4,0.0
2025-07-19 23:00:00,88.940002,18.1,6.3,0.0
2025-07-20 00:00:00,89.269997,18.2,5.8,0.0
2025-07-20 01:00:00,94.18,18.2,7.1,0.0
2025-07-20 02:00:00,101.699997,18.2,7.8,0.0
2025-07-20 03:00:00,98.269997,18.0,9.4,0.0
2025-07-20 04:00:00,97.199997,18.1,10.3,20.0
2025-07-20 05:00:00,80.589996,19.0,10.2,109.0
2025-07-20 06:00:00,77.860001,20.0,10.1,236.0
2025-07-20 07:00:00,44.580002,20.9,10.6,368.0
2025-07-20 08:00:00,9.04,21.9,11.3,493.0
2025-07-20 09:00:00,2.07,22.5,11.2,583.0
2025-07-20 10:00:00,0.0,23.4,10.6,639.0
2025-07-20 11:00:00,-0.01,24.0,11.4,629.0
2025-07-20 12:00:00,0.0,25.1,13.3,762.0
2025-07-20 13:00:00,9.09,26.1,17.4,634.0
2025-07-20 14:00:00,69.330002,26.0,16.7,550.0
2025-07-20 15:00:00,92.739998,25.8,16.4,509.0
2025-07-20 16:00:00,100.260002,25.4,16.1,472.0
2025-07-20 17:00:00,112.0,24.9,15.2,320.0
2025-07-20 18:00:00,116.0,24.3,15.4,197.0
2025-07-20 19:00:00,115.010002,23.3,14.9,51.0
2025-07-20 20:00:00,114.849998,22.8,16.7,8.0
2025-07-20 21:00:00,105.050003,22.5,17.7,0.0
2025-07-20 22:00:00,87.080002,21.9,17.9,0.0
2025-07-20 23:00:00,79.730003,21.0,19.3,0.0
2025-07-21 00:00:00,83.480003,20.5,19.4,0.0
2025-07-21 01:00:00,83.300003,20.5,20.3,0.0
2025-07-21 02:00:00,83.489998,20.3,19.3,0.0
2025-07-21 03:00:00,92.860001,20.1,18.8,0.0
2025-07-21 04:00:00,98.900002,19.8,18.4,11.0
2025-07-21 05:00:00,100.839996,19.2,17.0,30.0
2025-07-21 06:00:00,97.839996,18.9,18.0,34.0
2025-07-21 07:00:00,109.639999,18.8,21.0,47.0
2025-07-21 08:00:00,105.989998,19.3,17.6,127.0
2025-07-21 09:00:00,98.879997,19.7,18.8,251.0
2025-07-21 10:00:00,84.900002,19.9,14.8,223.0
2025-07-21 11:00:00,81.730003,20.0,17.6,265.0
2025-07-21 12:00:00,85.790001,20.3,18.5,292.0
2025-07-21 13:00:00,87.959999,21.1,18.5,491.0
2025-07-21 14:00:00,90.949997,19.6,15.6,152.0
2025-07-21 15:00:00,104.300003,19.7,14.9,162.0
2025-07-21 16:00:00,105.82,19.8,7.4,65.0
2025-07-21 17:00:00,119.690002,20.2,3.4,71.0
2025-07-21 18:00:00,123.25,19.7,6.5,31.0
2025-07-21 19:00:00,120.089996,19.4,3.3,13.0
2025-07-21 20:00:00,108.760002,19.2,3.3,1.0
2025-07-21 21:00:00,100.040001,19.0,3.0,0.0
2025-07-21 22:00:00,92.790001,18.8,1.4,0.0
2025-07-21 23:00:00,87.199997,18.4,3.5,0.0
2025-07-22 00:00:00,85.480003,17.3,8.3,0.0
2025-07-22 01:00:00,82.0,16.2,3.5,0.0
2025-07-22 02:00:00,81.0,16.1,4.4,0.0
2025-07-22 03:00:00,89.279999,15.9,6.8,0.0
2025-07-22 04:00:00,108.800003,16.1,7.7,2.0
2025-07-22 05:00:00,109.279999,16.6,8.8,14.0
2025-07-22 06:00:00,102.489998,17.0,7.7,30.0
2025-07-22 07:00:00,91.290001,17.3,8.6,50.0
2025-07-22 08:00:00,81.730003,17.3,8.5,67.0
2025-07-22 09:00:00,68.410004,17.3,9.3,80.0
2025-07-22 10:00:00,39.630001,18.1,9.0,248.0
2025-07-22 11:00:00,10.71,18.8,9.1,203.0
2025-07-22 12:00:00,9.99,19.6,8.4,390.0
2025-07-22 13:00:00,4.63,21.4,10.2,546.0
2025-07-22 14:00:00,36.900002,20.8,7.0,299.0
2025-07-22 15:00:00,75.790001,20.8,6.0,146.0
2025-07-22 16:00:00,88.980003,21.3,8.5,142.0
2025-07-22 17:00:00,108.57,21.7,12.5,201.0
2025-07-22 18:00:00,112.559998,21.4,17.4,142.0
2025-07-22 19:00:00,113.220001,20.6,21.6,76.0
2025-07-22 20:00:00,108.480003,19.4,18.7,9.0
2025-07-22 21:00:00,102.93,19.5,23.4,0.0
2025-07-22 22:00:00,76.0,19.5,23.5,0.0
2025-07-22 23:00:00,70.0,19.6,23.2,0.0
2025-07-23 00:00:00,66.790001,18.8,22.4,0.0
2025-07-23 01:00:00,67.720001,18.0,19.8,0.0
2025-07-23 02:00:00,70.360001,17.9,19.2,0.0
2025-07-23 03:00:00,79.800003,17.8,16.4,0.0
2025-07-23 04:00:00,84.550003,17.7,15.6,15.0
2025-07-23 05:00:00,99.870003,18.2,16.3,92.0
2025-07-23 06:00:00,96.5,18.8,18.1,198.0
2025-07-23 07:00:00,81.690002,19.3,18.2,306.0
2025-07-23 08:00:00,67.300003,20.0,18.0,427.0
2025-07-23 09:00:00,53.5,20.7,17.3,564.0
2025-07-23 10:00:00,33.720001,21.3,16.9,664.0
2025-07-23 11:00:00,25.610001,21.6,15.6,723.0
2025-07-23 12:00:00,26.82,21.8,12.0,779.0
2025-07-23 13:00:00,40.299999,21.7,10.9,739.0
2025-07-23 14:00:00,67.809998,21.9,7.2,684.0
2025-07-23 15:00:00,78.050003,22.1,4.4,560.0
2025-07-23 16:00:00,86.07,21.7,4.8,322.0
2025-07-23 17:00:00,105.0,21.3,4.6,325.0
2025-07-23 18:00:00,112.980003,21.3,3.2,186.0
2025-07-23 19:00:00,119.739998,20.8,7.3,79.0
2025-07-23 20:00:00,110.540001,19.9,11.6,8.0
2025-07-23 21:00:00,103.059998,19.2,13.7,0.0
2025-07-23 22:00:00,97.82,18.5,16.2,0.0
2025-07-23 23:00:00,94.080002,17.8,12.9,0.0
2025-07-24 00:00:00,89.290001,17.6,8.8,0.0
2025-07-24 01:00:00,89.290001,18.1,9.4,0.0
2025-07-24 02:00:00,93.449997,17.5,9.6,0.0
2025-07-24 03:00:00,100.970001,17.3,9.2,0.0
2025-07-24 04:00:00,109.220001,17.8,9.4,14.0
2025-07-24 05:00:00,104.099998,18.9,12.2,91.0
2025-07-24 06:00:00,110.400002,19.8,13.9,199.0
2025-07-24 07:00:00,96.220001,20.3,12.1,302.0
2025-07-24 08:00:00,89.169998,21.2,8.3,421.0
2025-07-24 09:00:00,84.389999,22.0,7.5,513.0
2025-07-24 10:00:00,82.169998,22.6,7.5,552.0
2025-07-24 11:00:00,80.43,22.8,6.1,511.0
2025-07-24 12:00:00,82.050003,22.9,5.8,489.0
2025-07-24 13:00:00,84.769997,22.2,7.4,459.0
2025-07-24 14:00:00,88.510002,23.2,5.2,628.0
2025-07-24 15:00:00,95.010002,23.8,5.7,558.0
2025-07-24 16:00:00,104.0,23.6,5.2,445.0
2025-07-24 17:00:00,116.389999,23.0,2.0,275.0
2025-07-24 18:00:00,154.160004,21.6,7.4,180.0
2025-07-24 19:00:00,140.639999,20.5,4.7,59.0
2025-07-24 20:00:00,118.379997,19.6,6.3,7.0
2025-07-24 21:00:00,108.599998,18.9,8.2,0.0
2025-07-24 22:00:00,111.269997,18.5,6.8,0.0
2025-07-24 23:00:00,103.669998,18.2,7.1,0.0
2025-07-25 00:00:00,97.050003,18.1,10.8,0.0
2025-07-25 01:00:00,92.639999,18.1,11.6,0.0
2025-07-25 02:00:00,91.709999,17.7,12.3,0.0
2025-07-25 03:00:00,94.220001,17.5,13.4,0.0
2025-07-25 04:00:00,106.099998,17.4,15.0,10.0
2025-07-25 05:00:00,108.0,17.7,15.1,50.0
2025-07-25 06:00:00,110.849998,18.2,15.6,123.0
2025-07-25 07:00:00,98.199997,19.1,17.4,235.0
2025-07-25 08:00:00,94.080002,20.0,15.1,341.0
2025-07-25 09:00:00,85.150002,20.8,13.9,452.0
2025-07-25 10:00:00,83.089996,21.5,14.5,536.0
2025-07-25 11:00:00,78.699997,21.8,14.5,588.0
2025-07-25 12:00:00,74.93,21.9,15.8,588.0
2025-07-25 13:00:00,75.139999,21.6,17.9,608.0
2025-07-25 14:00:00,78.830002,21.8,17.6,547.0
2025-07-25 15:00:00,81.519997,21.5,18.7,536.0
2025-07-25 16:00:00,87.629997,20.6,17.7,350.0
2025-07-25 17:00:00,92.970001,19.9,16.3,214.0
2025-07-25 18:00:00,108.209999,19.1,16.1,128.0
2025-07-25 19:00:00,121.209999,18.3,15.6,44.0
2025-07-25 20:00:00,112.599998,17.8,13.6,5.0
2025-07-25 21:00:00,110.25,16.8,13.4,0.0
2025-07-25 22:00:00,106.760002,15.9,13.3,0.0
2025-07-25 23:00:00,100.699997,15.4,13.3,0.0
2025-07-26 00:00:00,93.730003,15.1,13.4,0.0
2025-07-26 01:00:00,91.599998,15.3,12.5,0.0
2025-07-26 02:00:00,90.080002,15.3,12.3,0.0
2025-07-26 03:00:00,89.360001,15.2,13.2,0.0
2025-07-26 04:00:00,92.389999,15.0,13.3,12.0
2025-07-26 05:00:00,90.910004,16.1,15.5,80.0
2025-07-26 06:00:00,84.68,17.4,14.9,188.0
2025-07-26 07:00:00,83.160004,18.3,19.0,233.0
2025-07-26 08:00:00,79.589996,19.2,18.3,272.0
2025-07-26 09:00:00,75.199997,19.2,15.3,209.0
2025-07-26 10:00:00,66.419998,20.0,15.9,305.0
2025-07-26 11:00:00,49.869999,20.7,15.2,325.0
2025-07-26 12:00:00,50.09,21.5,16.1,463.0
2025-07-26 13:00:00,65.199997,21.8,15.6,511.0
2025-07-26 14:00:00,66.370003,21.6,16.5,298.0
2025-07-26 15:00:00,76.209999,21.2,17.1,256.0
2025-07-26 16:00:00,93.610001,20.4,16.9,254.0
2025-07-26 17:00:00,106.599998,20.0,14.4,194.0
2025-07-26 18:00:00,121.949997,19.4,11.5,81.0
2025-07-26 19:00:00,127.07,18.7,10.8,32.0
2025-07-26 20:00:00,116.720001,17.8,10.9,4.0
2025-07-26 21:00:00,108.800003,17.2,11.3,0.0
2025-07-26 22:00:00,104.639999,16.8,10.3,0.0
2025-07-26 23:00:00,99.470001,16.5,9.9,0.0
2025-07-27 00:00:00,95.010002,15.8,9.8,0.0
2025-07-27 01:00:00,92.07,16.2,10.6,0.0
2025-07-27 02:00:00,91.989998,16.0,10.6,0.0
2025-07-27 03:00:00,89.879997,16.0,9.8,0.0
2025-07-27 04:00:00,88.790001,16.0,9.3,7.0
2025-07-27 05:00:00,86.580002,16.4,9.8,64.0
2025-07-27 06:00:00,83.760002,17.0,9.7,162.0
2025-07-27 07:00:00,81.709999,18.0,9.3,317.0
2025-07-27 08:00:00,75.910004,18.9,9.1,439.0
2025-07-27 09:00:00,70.519997,19.9,9.9,561.0
2025-07-27 10:00:00,45.93,20.5,11.0,617.0
2025-07-27 11:00:00,15.04,20.7,13.3,552.0
2025-07-27 12:00:00,8.85,20.9,14.2,568.0
2025-07-27 13:00:00,17.299999,20.9,15.6,504.0
2025-07-27 14:00:00,45.740002,20.7,14.5,402.0
2025-07-27 15:00:00,82.360001,20.9,15.5,417.0
2025-07-27 16:00:00,95.660004,20.3,16.3,365.0
2025-07-27 17:00:00,102.470001,19.6,16.0,291.0
2025-07-27 18:00:00,107.949997,18.5,13.8,157.0
2025-07-27 19:00:00,114.709999,17.3,11.4,73.0
2025-07-27 20:00:00,107.330002,16.0,11.1,6.0
2025-07-27 21:00:00,102.690002,15.2,10.8,0.0
2025-07-27 22:00:00,100.0,14.8,12.0,0.0
2025-07-27 23:00:00,88.769997,14.8,13.2,0.0
2025-07-28 00:00:00,83.5,14.3,14.1,0.0
2025-07-28 01:00:00,77.620003,13.8,14.0,0.0
2025-07-28 02:00:00,76.0,13.5,14.4,0.0
2025-07-28 03:00:00,84.339996,13.5,14.4,0.0
2025-07-28 04:00:00,94.980003,13.7,15.0,10.0
2025-07-28 05:00:00,108.610001,14.8,13.7,87.0
2025-07-28 06:00:00,112.0,16.5,14.9,198.0
2025-07-28 07:00:00,92.970001,17.6,19.7,291.0
2025-07-28 08:00:00,82.0,18.8,22.2,450.0
2025-07-28 09:00:00,15.27,19.7,22.8,544.0
2025-07-28 10:00:00,13.28,20.3,23.0,596.0
2025-07-28 11:00:00,18.67,21.0,22.1,682.0
2025-07-28 12:00:00,13.41,21.2,22.0,691.0
2025-07-28 13:00:00,19.0,21.4,22.7,676.0
2025-07-28 14:00:00,6.7,21.3,23.3,644.0
2025-07-28 15:00:00,28.15,20.8,24.1,587.0
2025-07-28 16:00:00,58.720001,20.0,24.1,473.0
2025-07-28 17:00:00,90.040001,19.1,23.6,332.0
2025-07-28 18:00:00,110.919998,18.1,21.8,192.0
2025-07-28 19:00:00,109.739998,16.9,20.4,73.0
2025-07-28 20:00:00,103.790001,15.8,19.0,5.0
2025-07-28 21:00:00,89.949997,15.1,18.1,0.0
2025-07-28 22:00:00,85.209999,14.6,18.3,0.0
2025-07-28 23:00:00,80.480003,14.1,18.3,0.0
2025-07-29 00:00:00,79.360001,13.9,18.5,0.0
2025-07-29 01:00:00,78.220001,13.4,20.3,0.0
2025-07-29 02:00:00,79.290001,13.3,20.5,0.0
2025-07-29 03:00:00,80.519997,13.2,19.0,0.0
2025-07-29 04:00:00,82.599998,13.4,19.0,10.0
2025-07-29 05:00:00,91.989998,14.4,20.6,88.0
2025-07-29 06:00:00,58.209999,15.9,20.4,212.0
2025-07-29 07:00:00,4.08,17.2,25.9,352.0
2025-07-29 08:00:00,2.36,18.3,26.2,475.0
2025-07-29 09:00:00,2.31,19.3,27.0,604.0
2025-07-29 10:00:00,2.33,19.8,27.6,667.0
2025-07-29 11:00:00,2.54,20.0,27.5,683.0
2025-07-29 12:00:00,1.07,20.0,26.5,673.0
2025-07-29 13:00:00,3.83,20.2,25.1,686.0
2025-07-29 14:00:00,3.9,20.2,24.8,630.0
2025-07-29 15:00:00,16.08,19.8,24.6,557.0
2025-07-29 16:00:00,81.5,18.9,22.7,424.0
2025-07-29 17:00:00,103.260002,17.8,22.4,303.0
2025-07-29 18:00:00,123.559998,16.7,21.5,180.0
2025-07-29 19:00:00,125.010002,15.3,18.1,65.0
2025-07-29 20:00:00,111.940002,14.0,16.5,4.0
2025-07-29 21:00:00,101.699997,13.4,16.2,0.0
2025-07-29 22:00:00,83.010002,12.9,14.0,0.0
2025-07-29 23:00:00,79.019997,12.9,12.5,0.0
2025-07-30 00:00:00,78.389999,13.4,8.9,0.0
2025-07-30 01:00:00,75.989998,12.1,14.3,0.0
2025-07-30 02:00:00,75.650002,12.5,11.8,0.0
2025-07-30 03:00:00,76.5,12.6,9.8,0.0
2025-07-30 04:00:00,79.879997,12.8,9.0,6.0
2025-07-30 05:00:00,90.0,13.6,7.0,51.0
2025-07-30 06:00:00,93.879997,14.5,9.0,128.0
2025-07-30 07:00:00,79.019997,15.2,8.8,195.0
2025-07-30 08:00:00,63.290001,16.4,8.6,271.0
2025-07-30 09:00:00,40.43,17.8,8.8,366.0
2025-07-30 10:00:00,24.790001,18.6,8.7,472.0
2025-07-30 11:00:00,17.690001,19.3,11.4,652.0
2025-07-30 12:00:00,10.7,19.7,10.7,710.0
2025-07-30 13:00:00,28.030001,20.1,13.6,688.0
2025-07-30 14:00:00,45.610001,19.6,12.7,627.0
2025-07-30 15:00:00,75.68,19.0,13.5,558.0
2025-07-30 16:00:00,90.32,18.3,12.2,448.0
2025-07-30 17:00:00,101.860001,17.5,10.3,264.0
2025-07-30 18:00:00,109.07,17.2,10.6,171.0
2025-07-30 19:00:00,109.0,16.7,11.2,44.0
2025-07-30 20:00:00,104.0,16.2,12.7,2.0
2025-07-30 21:00:00,92.410004,15.6,12.7,0.0
2025-07-30 22:00:00,88.93,15.3,11.6,0.0
2025-07-30 23:00:00,82.110001,14.9,8.9,0.0
2025-07-31 00:00:00,79.0,14.8,7.4,0.0
2025-07-31 01:00:00,77.269997,13.5,5.3,0.0
2025-07-31 02:00:00,78.510002,13.4,4.5,0.0
2025-07-31 03:00:00,83.239998,13.1,1.7,0.0
2025-07-31 04:00:00,89.07,12.7,1.4,7.0
2025-07-31 05:00:00,100.459999,13.9,2.5,73.0
2025-07-31 06:00:00,94.089996,15.5,2.7,187.0
2025-07-31 07:00:00,88.910004,17.4,4.9,342.0
2025-07-31 08:00:00,74.169998,18.5,7.5,462.0
2025-07-31 09:00:00,70.040001,19.2,8.1,542.0
2025-07-31 10:00:00,61.150002,19.7,8.6,664.0
2025-07-31 11:00:00,48.049999,20.0,9.9,709.0
2025-07-31 12:00:00,35.060001,20.2,10.2,716.0
2025-07-31 13:00:00,55.07,19.9,10.7,650.0
2025-07-31 14:00:00,72.43,20.1,7.2,589.0
2025-07-31 15:00:00,84.559998,20.1,7.6,543.0
2025-07-31 16:00:00,96.900002,20.1,7.5,428.0
2025-07-31 17:00:00,111.919998,19.4,6.9,291.0
2025-07-31 18:00:00,128.270004,18.7,6.1,169.0
2025-07-31 19:00:00,125.110001,18.1,4.3,56.0
2025-07-31 20:00:00,114.160004,17.0,3.3,3.0
2025-07-31 21:00:00,102.790001,16.3,2.0,0.0
2025-07-31 22:00:00,105.309998,15.6,0.6,0.0
2025-07-31 23:00:00,98.540001,14.9,0.3,0.0
2025-08-01 00:00:00,92.150002,14.5,1.1,0.0
2025-08-01 01:00:00,89.169998,14.7,1.6,0.0
2025-08-01 02:00:00,94.209999,14.3,2.4,0.0
2025-08-01 03:00:00,100.580002,14.0,1.5,0.0
2025-08-01 04:00:00,106.690002,14.4,4.6,5.0
2025-08-01 05:00:00,110.709999,15.5,4.5,56.0
2025-08-01 06:00:00,106.639999,16.9,3.6,159.0
2025-08-01 07:00:00,103.669998,18.3,4.7,308.0
2025-08-01 08:00:00,97.949997,19.2,6.5,461.0
2025-08-01 09:00:00,84.099998,19.7,7.7,559.0
2025-08-01 10:00:00,77.050003,20.0,7.0,590.0
2025-08-01 11:00:00,61.970001,20.0,7.4,557.0
2025-08-01 12:00:00,49.060001,19.6,7.6,508.0
2025-08-01 13:00:00,49.099998,20.3,7.6,575.0
2025-08-01 14:00:00,69.93,20.3,6.6,547.0
2025-08-01 15:00:00,83.589996,20.3,5.4,508.0
2025-08-01 16:00:00,96.449997,20.3,6.4,423.0
2025-08-01 17:00:00,109.510002,19.7,4.2,260.0
2025-08-01 18:00:00,119.230003,19.1,4.7,137.0
2025-08-01 19:00:00,117.510002,18.2,1.8,54.0
2025-08-01 20:00:00,110.720001,17.5,0.5,2.0
2025-08-01 21:00:00,102.730003,16.2,2.3,0.0
2025-08-01 22:00:00,104.470001,15.4,3.6,0.0
2025-08-01 23:00:00,100.32,14.8,4.6,0.0
2025-08-02 00:00:00,97.790001,14.5,5.1,0.0
2025-08-02 01:00:00,92.160004,13.9,7.3,0.0
2025-08-02 02:00:00,91.290001,13.4,7.6,0.0
2025-08-02 03:00:00,90.769997,13.2,7.8,0.0
2025-08-02 04:00:00,89.669998,13.2,6.7,5.0
2025-08-02 05:00:00,84.699997,14.1,5.7,51.0
2025-08-02 06:00:00,78.400002,15.5,5.2,136.0
2025-08-02 07:00:00,65.68,17.5,5.5,274.0
2025-08-02 08:00:00,31.09,19.3,4.5,399.0
2025-08-02 09:00:00,5.68,20.4,5.2,461.0
2025-08-02 10:00:00,2.95,20.9,5.3,458.0
2025-08-02 11:00:00,1.34,21.7,5.1,555.0
2025-08-02 12:00:00,0.22,21.6,4.0,490.0
2025-08-02 13:00:00,0.24,19.5,9.3,335.0
2025-08-02 14:00:00,5.3,18.4,9.8,333.0
2025-08-02 15:00:00,60.689999,18.7,10.6,315.0
2025-08-02 16:00:00,91.32,18.5,10.1,160.0
2025-08-02 17:00:00,102.0,18.6,9.4,207.0
2025-08-02 18:00:00,109.489998,17.5,9.6,52.0
2025-08-02 19:00:00,108.419998,16.9,4.1,23.0
2025-08-02 20:00:00,104.339996,16.3,7.2,1.0
2025-08-02 21:00:00,95.0,15.6,7.0,0.0
2025-08-02 22:00:00,85.089996,15.5,8.7,0.0
2025-08-02 23:00:00,77.519997,15.0,8.3,0.0
2025-08-03 00:00:00,71.419998,14.9,7.3,0.0
2025-08-03 01:00:00,67.519997,14.9,7.6,0.0
2025-08-03 02:00:00,62.720001,14.9,7.5,0.0
2025-08-03 03:00:00,59.98,14.9,6.2,0.0
2025-08-03 04:00:00,46.799999,15.0,6.7,4.0
2025-08-03 05:00:00,26.0,15.6,4.6,60.0
2025-08-03 06:00:00,6.16,16.7,4.1,153.0
2025-08-03 07:00:00,0.0,17.8,5.5,290.0
2025-08-03 08:00:00,-0.27,18.6,7.4,403.0
2025-08-03 09:00:00,-1.2,19.6,7.4,506.0
2025-08-03 10:00:00,-1.39,20.5,7.2,603.0
2025-08-03 11:00:00,-6.6,20.7,6.2,613.0
2025-08-03 12:00:00,-8.51,21.3,2.5,680.0
2025-08-03 13:00:00,-3.54,21.5,3.9,630.0
2025-08-03 14:00:00,-0.77,22.0,6.3,585.0
2025-08-03 15:00:00,3.61,20.8,16.3,420.0
2025-08-03 16:00:00,71.129997,19.2,22.9,292.0
2025-08-03 17:00:00,88.129997,18.3,21.9,143.0
2025-08-03 18:00:00,97.870003,17.7,20.2,97.0
2025-08-03 19:00:00,95.989998,17.0,18.6,28.0
2025-08-03 20:00:00,97.300003,16.3,16.6,1.0
2025-08-03 21:00:00,85.089996,15.9,15.1,0.0
2025-08-03 22:00:00,81.050003,15.6,12.8,0.0
2025-08-03 23:00:00,70.07,15.3,11.9,0.0
2025-08-04 00:00:00,69.970001,15.1,10.9,0.0
2025-08-04 01:00:00,70.620003,15.1,10.8,0.0
2025-08-04 02:00:00,74.029999,15.4,10.6,0.0
2025-08-04 03:00:00,82.940002,15.4,9.6,0.0
2025-08-04 04:00:00,89.830002,15.5,11.0,2.0
2025-08-04 05:00:00,101.959999,15.4,12.4,26.0
2025-08-04 06:00:00,101.440002,15.8,12.3,160.0
2025-08-04 07:00:00,97.040001,16.9,14.2,312.0
2025-08-04 08:00:00,77.900002,18.1,16.1,474.0
2025-08-04 09:00:00,50.0,18.9,16.8,459.0
2025-08-04 10:00:00,13.74,19.6,17.7,412.0
2025-08-04 11:00:00,4.05,20.0,18.7,491.0
2025-08-04 12:00:00,0.72,20.6,18.2,514.0
2025-08-04 13:00:00,0.02,20.9,19.2,544.0
2025-08-04 14:00:00,11.19,20.6,21.1,442.0
2025-08-04 15:00:00,31.190001,18.8,20.6,117.0
2025-08-04 16:00:00,28.360001,18.0,18.7,98.0
2025-08-04 17:00:00,57.630001,16.8,20.8,34.0
2025-08-04 18:00:00,17.65,16.4,24.2,19.0
2025-08-04 19:00:00,3.64,16.3,27.3,4.0
2025-08-04 20:00:00,0.0,16.9,31.8,0.0
2025-08-04 21:00:00,2.34,16.8,31.8,0.0
2025-08-04 22:00:00,2.51,16.8,21.9,0.0
2025-08-04 23:00:00,2.36,15.9,19.8,0.0
2025-08-05 00:00:00,1.79,14.8,20.1,0.0
2025-08-05 01:00:00,0.0,13.7,20.0,0.0
2025-08-05 02:00:00,-0.05,13.3,18.7,0.0
2025-08-05 03:00:00,-0.04,13.4,19.8,0.0
2025-08-05 04:00:00,1.7,13.5,19.7,4.0
2025-08-05 05:00:00,2.32,14.4,20.8,63.0
2025-08-05 06:00:00,2.01,15.3,20.1,179.0
2025-08-05 07:00:00,-0.07,16.2,24.8,326.0
2025-08-05 08:00:00,-0.21,17.2,28.5,449.0
2025-08-05 09:00:00,-2.01,17.8,29.4,541.0
2025-08-05 10:00:00,-4.94,18.2,31.3,627.0
2025-08-05 11:00:00,-9.31,16.6,29.4,612.0
2025-08-05 12:00:00,-11.65,17.7,33.1,582.0
2025-08-05 13:00:00,-9.77,17.9,31.2,660.0
2025-08-05 14:00:00,-4.97,17.0,30.1,549.0
2025-08-05 15:00:00,-0.52,16.9,28.2,471.0
2025-08-05 16:00:00,1.07,16.9,29.0,386.0
2025-08-05 17:00:00,2.51,16.2,25.2,267.0
2025-08-05 18:00:00,6.84,15.6,23.5,157.0
2025-08-05 19:00:00,3.89,14.6,22.9,45.0
2025-08-05 20:00:00,3.65,13.9,20.9,1.0
2025-08-05 21:00:00,10.76,13.4,20.6,0.0
2025-08-05 22:00:00,2.54,13.1,21.6,0.0
2025-08-05 23:00:00,3.61,12.9,20.5,0.0
2025-08-06 00:00:00,3.67,12.8,20.4,0.0
2025-08-06 01:00:00,3.6,12.6,21.1,0.0
2025-08-06 02:00:00,4.28,12.4,21.6,0.0
2025-08-06 03:00:00,3.9,12.3,21.2,0.0
2025-08-06 04:00:00,3.34,12.6,23.7,3.0
2025-08-06 05:00:00,3.89,13.0,23.8,61.0
2025-08-06 06:00:00,12.46,14.1,20.2,166.0
2025-08-06 07:00:00,2.09,15.3,24.0,306.0
2025-08-06 08:00:00,-0.01,16.5,31.5,457.0
2025-08-06 09:00:00,-1.57,18.0,30.4,468.0
2025-08-06 10:00:00,-4.88,16.3,24.9,351.0
2025-08-06 11:00:00,-5.7,18.4,29.8,627.0
2025-08-06 12:00:00,-4.47,16.7,23.3,340.0
2025-08-06 13:00:00,-2.23,16.4,27.5,256.0
2025-08-06 14:00:00,-1.01,17.2,26.7,381.0
2025-08-06 15:00:00,2.03,17.2,26.6,485.0
2025-08-06 16:00:00,2.58,17.0,24.0,247.0
2025-08-06 17:00:00,29.68,17.2,22.3,232.0
2025-08-06 18:00:00,123.199997,16.6,21.1,145.0
2025-08-06 19:00:00,124.599998,15.6,19.0,43.0
2025-08-06 20:00:00,110.0,14.8,17.8,1.0
2025-08-06 21:00:00,101.599998,14.4,16.8,0.0
2025-08-06 22:00:00,97.580002,14.0,15.7,0.0
2025-08-06 23:00:00,94.0,13.8,14.8,0.0
2025-08-07 00:00:00,88.129997,13.5,14.4,0.0
2025-08-07 01:00:00,83.379997,13.0,13.7,0.0
2025-08-07 02:00:00,82.07,13.0,13.8,0.0
2025-08-07 03:00:00,88.519997,12.9,13.7,0.0
2025-08-07 04:00:00,103.050003,12.6,12.5,2.0
2025-08-07 05:00:00,106.5,13.5,12.0,51.0
2025-08-07 06:00:00,100.0,14.8,12.3,169.0
2025-08-07 07:00:00,77.629997,15.5,12.9,162.0
2025-08-07 08:00:00,22.23,16.3,14.2,224.0
2025-08-07 09:00:00,1.98,17.5,17.1,397.0
2025-08-07 10:00:00,1.67,17.7,18.0,265.0
2025-08-07 11:00:00,2.1,17.5,16.8,208.0
2025-08-07 12:00:00,2.35,18.3,16.5,385.0
2025-08-07 13:00:00,2.05,18.8,16.3,305.0
2025-08-07 14:00:00,2.37,19.2,16.2,324.0
2025-08-07 15:00:00,64.080002,19.0,15.3,226.0
2025-08-07 16:00:00,91.580002,19.7,15.9,297.0
2025-08-07 17:00:00,106.0,19.2,16.8,205.0
2025-08-07 18:00:00,125.029999,18.3,14.5,100.0
2025-08-07 19:00:00,126.339996,17.2,12.7,35.0
2025-08-07 20:00:00,110.0,16.0,12.3,0.0
2025-08-07 21:00:00,101.279999,15.2,13.7,0.0
2025-08-07 22:00:00,93.900002,14.7,13.5,0.0
2025-08-07 23:00:00,88.879997,14.2,12.6,0.0
2025-08-08 00:00:00,84.980003,13.9,12.4,0.0
2025-08-08 01:00:00,81.309998,13.7,11.1,0.0
2025-08-08 02:00:00,80.879997,13.4,10.8,0.0
2025-08-08 03:00:00,89.550003,13.0,10.4,0.0
2025-08-08 04:00:00,100.43,13.0,11.8,2.0
2025-08-08 05:00:00,103.050003,13.9,12.6,57.0
2025-08-08 06:00:00,108.110001,15.5,9.8,171.0
2025-08-08 07:00:00,89.900002,17.2,10.7,292.0
2025-08-08 08:00:00,66.0,18.9,13.0,433.0
2025-08-08 09:00:00,8.39,20.0,13.5,520.0
2025-08-08 10:00:00,0.09,19.3,15.0,413.0
2025-08-08 11:00:00,0.0,20.1,12.3,511.0
2025-08-08 12:00:00,0.0,20.5,12.9,360.0
2025-08-08 13:00:00,0.0,21.5,13.8,638.0
2025-08-08 14:00:00,10.49,21.6,17.9,604.0
2025-08-08 15:00:00,70.099998,21.6,16.9,520.0
2025-08-08 16:00:00,101.440002,21.1,15.5,404.0
2025-08-08 17:00:00,113.559998,20.3,14.8,253.0
2025-08-08 18:00:00,144.619995,19.0,14.8,133.0
2025-08-08 19:00:00,151.509995,17.2,14.4,39.0
2025-08-08 20:00:00,121.589996,15.8,12.7,0.0
2025-08-08 21:00:00,108.459999,15.1,12.0,0.0
2025-08-08 22:00:00,101.93,14.3,12.3,0.0
2025-08-08 23:00:00,100.43,13.7,12.2,0.0
2025-08-09 00:00:00,99.940002,13.2,10.9,0.0
2025-08-09 01:00:00,97.800003,11.8,9.6,0.0
2025-08-09 02:00:00,96.870003,11.5,9.8,0.0
2025-08-09 03:00:00,97.010002,11.3,10.0,0.0
2025-08-09 04:00:00,96.099998,11.0,10.1,2.0
2025-08-09 05:00:00,90.059998,11.7,10.8,58.0
2025-08-09 06:00:00,69.75,13.3,9.7,178.0
2025-08-09 07:00:00,15.34,15.4,9.5,323.0
2025-08-09 08:00:00,-0.02,17.1,11.1,464.0
2025-08-09 09:00:00,-1.0,18.5,13.4,586.0
2025-08-09 10:00:00,-6.51,19.7,12.6,662.0
2025-08-09 11:00:00,-12.58,20.1,15.0,644.0
2025-08-09 12:00:00,-15.11,20.6,14.5,547.0
2025-08-09 13:00:00,-4.1,21.2,14.0,482.0
2025-08-09 14:00:00,-0.04,22.2,14.9,562.0
2025-08-09 15:00:00,6.29,21.7,16.5,425.0
2025-08-09 16:00:00,71.470001,21.4,13.9,372.0
2025-08-09 17:00:00,101.43,20.6,13.5,236.0
2025-08-09 18:00:00,123.360001,20.0,13.3,130.0
2025-08-09 19:00:00,116.410004,18.1,13.6,32.0
2025-08-09 20:00:00,107.889999,17.1,15.2,0.0
2025-08-09 21:00:00,94.970001,15.7,15.5,0.0
2025-08-09 22:00:00,84.790001,14.9,15.2,0.0
2025-08-09 23:00:00,83.230003,14.2,15.1,0.0
2025-08-10 00:00:00,83.099998,14.1,16.2,0.0
2025-08-10 01:00:00,77.949997,13.9,16.4,0.0
2025-08-10 02:00:00,80.68,13.6,15.5,0.0
2025-08-10 03:00:00,83.690002,13.3,14.1,0.0
2025-08-10 04:00:00,82.269997,13.0,13.9,1.0
2025-08-10 05:00:00,74.699997,13.8,15.5,53.0
2025-08-10 06:00:00,26.360001,15.1,14.8,169.0
2025-08-10 07:00:00,-0.01,16.5,18.0,311.0
2025-08-10 08:00:00,-2.64,17.7,20.9,448.0
2025-08-10 09:00:00,-6.7,18.7,17.6,535.0
2025-08-10 10:00:00,-14.95,19.7,20.0,641.0
2025-08-10 11:00:00,-26.860001,19.7,21.0,561.0
2025-08-10 12:00:00,-38.139999,19.7,21.8,418.0
2025-08-10 13:00:00,-19.610001,20.3,22.3,582.0
2025-08-10 14:00:00,-1.21,20.1,22.7,512.0
2025-08-10 15:00:00,2.13,19.5,23.0,346.0
2025-08-10 16:00:00,78.860001,19.0,22.0,301.0
2025-08-10 17:00:00,108.050003,18.1,20.0,243.0
2025-08-10 18:00:00,118.949997,17.1,16.2,141.0
2025-08-10 19:00:00,122.449997,15.7,13.7,36.0
2025-08-10 20:00:00,106.980003,14.4,11.7,0.0
2025-08-10 21:00:00,98.900002,13.5,12.0,0.0
2025-08-10 22:00:00,99.82,12.8,11.9,0.0
2025-08-10 23:00:00,91.970001,12.2,11.5,0.0
2025-08-11 00:00:00,87.440002,11.7,11.5,0.0
2025-08-11 01:00:00,85.190002,10.7,12.4,0.0
2025-08-11 02:00:00,92.849998,10.6,12.4,0.0
2025-08-11 03:00:00,103.510002,10.5,11.2,0.0
2025-08-11 04:00:00,129.220001,10.4,11.3,1.0
2025-08-11 05:00:00,133.490005,11.3,11.6,42.0
2025-08-11 06:00:00,105.349998,12.7,10.5,112.0
2025-08-11 07:00:00,90.75,14.6,10.7,218.0
2025-08-11 08:00:00,50.0,15.8,12.9,314.0
2025-08-11 09:00:00,2.54,16.1,13.3,222.0
2025-08-11 10:00:00,0.65,16.6,13.0,265.0
2025-08-11 11:00:00,0.64,18.1,13.3,529.0
2025-08-11 12:00:00,0.0,19.1,14.1,574.0
2025-08-11 13:00:00,9.0,20.1,14.7,565.0
2025-08-11 14:00:00,56.139999,20.0,16.5,310.0
2025-08-11 15:00:00,92.25,20.5,15.5,239.0
2025-08-11 16:00:00,108.260002,20.0,13.5,120.0
2025-08-11 17:00:00,154.0,19.7,14.2,142.0
2025-08-11 18:00:00,191.949997,18.9,15.4,118.0
2025-08-11 19:00:00,138.880005,17.5,14.9,30.0
2025-08-11 20:00:00,108.870003,16.5,14.5,0.0
2025-08-11 21:00:00,96.0,15.9,14.9,0.0
2025-08-11 22:00:00,93.0,15.3,14.8,0.0
2025-08-11 23:00:00,89.669998,14.9,14.4,0.0
2025-08-12 00:00:00,85.410004,14.4,13.4,0.0
2025-08-12 01:00:00,85.129997,14.6,12.2,0.0
2025-08-12 02:00:00,86.480003,14.9,10.8,0.0
2025-08-12 03:00:00,93.970001,15.1,10.0,0.0
2025-08-12 04:00:00,106.910004,15.2,9.3,0.0
2025-08-12 05:00:00,104.629997,15.3,9.4,25.0
2025-08-12 06:00:00,98.709999,15.9,7.7,87.0
2025-08-12 07:00:00,92.489998,16.7,6.0,145.0
2025-08-12 08:00:00,79.529999,17.5,2.8,225.0
2025-08-12 09:00:00,40.41,18.3,6.2,260.0
2025-08-12 10:00:00,8.38,20.4,6.5,465.0
2025-08-12 11:00:00,4.59,21.4,6.1,455.0
2025-08-12 12:00:00,5.15,20.8,10.3,357.0
2025-08-12 13:00:00,35.049999,18.9,9.3,175.0
2025-08-12 14:00:00,73.120003,18.6,6.1,176.0
2025-08-12 15:00:00,94.059998,18.1,4.1,106.0
2025-08-12 16:00:00,106.099998,17.9,4.8,129.0
2025-08-12 17:00:00,149.309998,18.2,5.8,181.0
2025-08-12 18:00:00,156.160004,17.8,5.5,121.0
2025-08-12 19:00:00,140.399994,16.6,5.2,27.0
2025-08-12 20:00:00,114.07,16.1,6.1,0.0
2025-08-12 21:00:00,97.730003,16.2,7.7,0.0
2025-08-12 22:00:00,95.720001,16.1,8.6,0.0
2025-08-12 23:00:00,90.0,16.2,8.7,0.0
2025-08-13 00:00:00,86.889999,16.2,8.9,0.0
2025-08-13 01:00:00,84.709999,15.9,8.8,0.0
2025-08-13 02:00:00,87.07,15.9,9.1,0.0
2025-08-13 03:00:00,93.300003,15.9,9.4,0.0
2025-08-13 04:00:00,108.870003,15.7,9.8,0.0
2025-08-13 05:00:00,107.519997,16.3,11.0,44.0
2025-08-13 06:00:00,105.870003,17.6,11.5,156.0
2025-08-13 07:00:00,93.599998,18.6,11.8,291.0
2025-08-13 08:00:00,89.260002,19.5,11.6,429.0
2025-08-13 09:00:00,68.199997,20.6,11.5,550.0
2025-08-13 10:00:00,44.290001,21.5,12.5,643.0
2025-08-13 11:00:00,27.889999,22.4,12.8,701.0
2025-08-13 12:00:00,41.66,23.2,13.3,719.0
2025-08-13 13:00:00,70.900002,24.0,14.1,695.0
2025-08-13 14:00:00,84.300003,24.2,13.7,630.0
2025-08-13 15:00:00,96.639999,24.2,13.0,530.0
2025-08-13 16:00:00,115.339996,23.9,13.3,405.0
2025-08-13 17:00:00,193.300003,23.2,11.4,267.0
2025-08-13 18:00:00,226.639999,21.9,10.6,131.0
2025-08-13 19:00:00,154.520004,20.3,11.5,27.0
2025-08-13 20:00:00,123.209999,19.6,9.7,0.0
2025-08-13 21:00:00,106.269997,19.5,11.1,0.0
2025-08-13 22:00:00,98.099998,19.3,11.6,0.0
2025-08-13 23:00:00,92.0,18.8,10.7,0.0
2025-08-14 00:00:00,88.449997,18.3,10.2,0.0
2025-08-14 01:00:00,88.199997,17.3,10.1,0.0
2025-08-14 02:00:00,88.529999,17.1,10.8,0.0
2025-08-14 03:00:00,97.519997,16.9,11.3,0.0
2025-08-14 04:00:00,106.169998,17.0,12.8,0.0
2025-08-14 05:00:00,109.919998,17.7,12.4,27.0
2025-08-14 06:00:00,99.510002,18.5,11.4,111.0
2025-08-14 07:00:00,91.099998,19.2,11.5,161.0
2025-08-14 08:00:00,81.260002,20.7,12.4,356.0
2025-08-14 09:00:00,67.57,20.5,11.7,239.0
2025-08-14 10:00:00,54.09,21.9,11.5,363.0
2025-08-14 11:00:00,41.02,22.5,11.6,351.0
2025-08-14 12:00:00,54.900002,21.5,6.4,96.0
2025-08-14 13:00:00,69.43,23.6,3.8,231.0
2025-08-14 14:00:00,78.989998,24.5,9.1,325.0
2025-08-14 15:00:00,97.220001,25.2,12.1,491.0
2025-08-14 16:00:00,115.540001,24.8,11.2,361.0
2025-08-14 17:00:00,233.800003,24.4,12.0,257.0
2025-08-14 18:00:00,283.890015,23.4,11.0,127.0
2025-08-14 19:00:00,155.839996,22.1,8.9,23.0
2025-08-14 20:00:00,120.709999,21.1,6.2,0.0
2025-08-14 21:00:00,105.949997,20.4,3.9,0.0
2025-08-14 22:00:00,99.589996,19.9,2.9,0.0
2025-08-14 23:00:00,98.970001,19.5,1.5,0.0
2025-08-15 00:00:00,93.900002,18.9,1.8,0.0
2025-08-15 01:00:00,90.330002,17.4,5.8,0.0
2025-08-15 02:00:00,92.0,17.1,7.2,0.0
2025-08-15 03:00:00,96.910004,17.1,8.4,0.0
2025-08-15 04:00:00,101.660004,16.9,9.8,0.0
2025-08-15 05:00:00,101.309998,17.5,10.1,39.0
2025-08-15 06:00:00,96.599998,19.0,9.1,150.0
2025-08-15 07:00:00,83.470001,21.1,9.8,267.0
2025-08-15 08:00:00,43.900002,22.7,13.4,411.0
2025-08-15 09:00:00,3.0,23.6,16.5,540.0
2025-08-15 10:00:00,0.08,24.4,16.6,625.0
2025-08-15 11:00:00,0.19,25.3,17.1,692.0
2025-08-15 12:00:00,0.0,26.7,20.3,684.0
2025-08-15 13:00:00,1.72,23.8,24.6,459.0
2025-08-15 14:00:00,27.66,23.0,22.2,445.0
2025-08-15 15:00:00,75.529999,22.5,21.5,506.0
2025-08-15 16:00:00,97.059998,22.8,22.5,384.0
2025-08-15 17:00:00,105.669998,21.1,23.3,256.0
2025-08-15 18:00:00,104.489998,19.6,24.0,120.0
2025-08-15 19:00:00,91.739998,17.7,23.8,22.0
2025-08-15 20:00:00,85.099998,16.8,24.9,0.0
2025-08-15 21:00:00,79.959999,16.0,23.7,0.0
2025-08-15 22:00:00,89.470001,15.4,23.8,0.0
2025-08-15 23:00:00,85.739998,14.7,23.5,0.0
2025-08-16 00:00:00,84.75,14.3,22.2,0.0
2025-08-16 01:00:00,83.339996,13.8,22.3,0.0
2025-08-16 02:00:00,82.730003,13.5,22.3,0.0
2025-08-16 03:00:00,87.089996,13.4,21.7,0.0
2025-08-16 04:00:00,90.68,13.3,20.8,0.0
2025-08-16 05:00:00,90.019997,13.4,19.7,36.0
2025-08-16 06:00:00,80.989998,14.5,17.7,154.0
2025-08-16 07:00:00,67.940002,16.2,17.6,297.0
2025-08-16 08:00:00,25.120001,18.0,16.3,439.0
2025-08-16 09:00:00,3.8,19.5,13.6,563.0
2025-08-16 10:00:00,0.17,20.5,12.6,658.0
2025-08-16 11:00:00,-0.01,21.2,12.0,713.0
2025-08-16 12:00:00,-0.01,21.7,13.0,723.0
2025-08-16 13:00:00,-0.01,21.7,13.8,699.0
2025-08-16 14:00:00,0.72,21.6,15.0,617.0
2025-08-16 15:00:00,16.209999,20.7,17.7,496.0
2025-08-16 16:00:00,69.919998,19.5,19.7,363.0
2025-08-16 17:00:00,95.0,18.3,19.4,226.0
2025-08-16 18:00:00,102.620003,17.3,18.1,121.0
2025-08-16 19:00:00,100.610001,16.1,14.1,21.0
2025-08-16 20:00:00,95.0,15.1,13.8,0.0
2025-08-16 21:00:00,90.0,14.2,14.6,0.0
2025-08-16 22:00:00,91.279999,13.5,15.7,0.0
2025-08-16 23:00:00,85.339996,13.0,15.6,0.0
2025-08-17 00:00:00,86.860001,12.7,14.0,0.0
2025-08-17 01:00:00,86.629997,11.4,13.0,0.0
2025-08-17 02:00:00,87.730003,11.1,11.9,0.0
2025-08-17 03:00:00,89.93,11.0,11.2,0.0
2025-08-17 04:00:00,89.889999,10.9,9.1,0.0
2025-08-17 05:00:00,81.029999,11.3,8.3,36.0
2025-08-17 06:00:00,76.239998,13.1,6.9,149.0
2025-08-17 07:00:00,32.59,15.8,5.4,287.0
2025-08-17 08:00:00,9.96,18.0,7.2,431.0
2025-08-17 09:00:00,2.08,19.2,8.2,551.0
2025-08-17 10:00:00,2.07,20.4,9.7,643.0
2025-08-17 11:00:00,2.02,21.0,13.4,700.0
2025-08-17 12:00:00,1.86,20.9,13.4,716.0
2025-08-17 13:00:00,1.47,22.0,13.0,690.0
2025-08-17 14:00:00,13.81,22.2,11.7,624.0
2025-08-17 15:00:00,72.400002,22.5,9.6,523.0
2025-08-17 16:00:00,96.690002,22.5,9.3,395.0
2025-08-17 17:00:00,110.0,21.7,10.5,251.0
2025-08-17 18:00:00,110.660004,19.8,13.2,115.0
2025-08-17 19:00:00,110.139999,18.6,10.8,18.0
2025-08-17 20:00:00,105.099998,18.0,11.1,0.0
2025-08-17 21:00:00,102.540001,17.2,11.3,0.0
2025-08-17 22:00:00,91.989998,16.3,10.8,0.0
2025-08-17 23:00:00,87.129997,15.7,10.4,0.0
2025-08-18 00:00:00,84.330002,15.2,9.4,0.0
2025-08-18 01:00:00,83.849998,12.8,6.8,0.0
2025-08-18 02:00:00,89.459999,12.3,5.5,0.0
2025-08-18 03:00:00,99.269997,11.7,5.0,0.0
2025-08-18 04:00:00,118.510002,10.8,6.3,0.0
2025-08-18 05:00:00,130.130005,11.4,7.7,33.0
2025-08-18 06:00:00,109.870003,13.9,6.4,144.0
2025-08-18 07:00:00,88.839996,16.8,5.1,283.0
2025-08-18 08:00:00,72.160004,19.0,4.7,422.0
2025-08-18 09:00:00,45.93,20.5,4.1,545.0
2025-08-18 10:00:00,20.040001,21.8,2.8,639.0
2025-08-18 11:00:00,14.23,22.7,2.0,696.0
2025-08-18 12:00:00,18.34,23.3,4.3,712.0
2025-08-18 13:00:00,54.560001,23.8,6.3,684.0
2025-08-18 14:00:00,70.940002,24.0,8.0,617.0
2025-08-18 15:00:00,90.32,23.9,9.0,515.0
2025-08-18 16:00:00,109.870003,23.4,11.1,387.0
2025-08-18 17:00:00,185.5,22.4,12.5,246.0
2025-08-18 18:00:00,193.960007,20.9,12.9,111.0
2025-08-18 19:00:00,124.669998,19.4,12.2,16.0
2025-08-18 20:00:00,107.489998,18.5,10.6,0.0
2025-08-18 21:00:00,102.0,17.3,11.6,0.0
2025-08-18 22:00:00,101.010002,15.9,13.1,0.0
2025-08-18 23:00:00,94.82,14.5,13.7,0.0
2025-08-19 00:00:00,88.199997,13.8,14.2,0.0
2025-08-19 01:00:00,86.370003,13.4,15.5,0.0
2025-08-19 02:00:00,90.089996,13.6,17.1,0.0
2025-08-19 03:00:00,101.019997,13.9,18.3,0.0
2025-08-19 04:00:00,111.099998,13.6,18.2,0.0
2025-08-19 05:00:00,109.949997,13.8,18.8,31.0
2025-08-19 06:00:00,98.050003,14.9,18.5,137.0
2025-08-19 07:00:00,88.57,16.3,20.2,283.0
2025-08-19 08:00:00,69.639999,17.9,20.6,424.0
2025-08-19 09:00:00,43.23,19.3,20.5,539.0
2025-08-19 10:00:00,22.85,20.4,20.5,619.0
2025-08-19 11:00:00,9.02,21.3,20.2,683.0
2025-08-19 12:00:00,15.26,22.0,18.9,687.0
2025-08-19 13:00:00,30.889999,22.4,16.5,670.0
2025-08-19 14:00:00,60.599998,23.1,14.7,595.0
2025-08-19 15:00:00,91.480003,23.6,15.6,457.0
2025-08-19 16:00:00,101.910004,19.5,21.3,337.0
2025-08-19 17:00:00,120.510002,19.2,21.7,174.0
2025-08-19 18:00:00,128.619995,18.3,19.9,89.0
2025-08-19 19:00:00,111.059998,17.9,16.2,12.0
2025-08-19 20:00:00,104.410004,17.1,14.9,0.0
2025-08-19 21:00:00,96.779999,16.6,14.4,0.0
2025-08-19 22:00:00,95.470001,15.9,14.9,0.0
2025-08-19 23:00:00,91.220001,15.8,14.1,0.0
2025-08-20 00:00:00,85.709999,15.4,13.6,0.0
2025-08-20 01:00:00,80.669998,13.9,13.4,0.0
2025-08-20 02:00:00,79.370003,13.5,13.4,0.0
2025-08-20 03:00:00,88.360001,12.8,13.4,0.0
2025-08-20 04:00:00,102.279999,12.6,13.9,0.0
2025-08-20 05:00:00,110.120003,13.5,14.4,30.0
2025-08-20 06:00:00,103.910004,15.0,12.9,141.0
2025-08-20 07:00:00,90.050003,16.4,15.7,284.0
2025-08-20 08:00:00,80.980003,17.4,15.6,425.0
2025-08-20 09:00:00,69.059998,18.2,15.4,548.0
2025-08-20 10:00:00,49.07,18.8,15.4,643.0
2025-08-20 11:00:00,35.0,19.2,15.7,701.0
2025-08-20 12:00:00,42.029999,19.4,16.6,718.0
2025-08-20 13:00:00,73.019997,19.7,15.7,690.0
2025-08-20 14:00:00,81.449997,19.8,14.1,622.0
2025-08-20 15:00:00,101.690002,20.0,12.3,516.0
2025-08-20 16:00:00,109.160004,19.4,11.0,359.0
2025-08-20 17:00:00,135.149994,18.4,10.6,226.0
2025-08-20 18:00:00,126.110001,17.4,8.3,97.0
2025-08-20 19:00:00,114.949997,16.0,5.6,13.0
2025-08-20 20:00:00,103.489998,14.8,2.0,0.0
2025-08-20 21:00:00,97.339996,14.1,2.2,0.0
2025-08-20 22:00:00,96.110001,13.0,9.2,0.0
2025-08-20 23:00:00,90.730003,12.6,11.2,0.0
2025-08-21 00:00:00,87.519997,12.4,12.0,0.0
2025-08-21 01:00:00,90.879997,12.6,14.1,0.0
2025-08-21 02:00:00,92.370003,11.5,14.9,0.0
2025-08-21 03:00:00,97.959999,11.0,15.0,0.0
2025-08-21 04:00:00,105.900002,10.6,14.8,0.0
2025-08-21 05:00:00,116.889999,11.1,16.1,26.0
2025-08-21 06:00:00,107.790001,12.9,16.4,136.0
2025-08-21 07:00:00,97.32,14.5,21.9,264.0
2025-08-21 08:00:00,85.849998,15.7,24.3,395.0
2025-08-21 09:00:00,77.639999,16.8,20.1,471.0
2025-08-21 10:00:00,69.489998,16.9,18.6,312.0
2025-08-21 11:00:00,66.089996,17.1,17.0,407.0
2025-08-21 12:00:00,56.259998,17.9,17.1,567.0
2025-08-21 13:00:00,68.199997,18.4,17.5,584.0
2025-08-21 14:00:00,72.389999,18.5,18.3,542.0
2025-08-21 15:00:00,87.669998,18.1,18.8,454.0
2025-08-21 16:00:00,94.0,17.4,18.6,336.0
2025-08-21 17:00:00,106.389999,16.6,17.6,205.0
2025-08-21 18:00:00,110.730003,15.5,15.3,90.0
2025-08-21 19:00:00,110.730003,14.2,13.9,11.0
2025-08-21 20:00:00,105.0,13.1,14.1,0.0
2025-08-21 21:00:00,95.779999,12.2,14.0,0.0
2025-08-21 22:00:00,89.269997,11.6,13.2,0.0
2025-08-21 23:00:00,81.989998,11.0,12.9,0.0
2025-08-22 00:00:00,78.589996,10.7,15.8,0.0
2025-08-22 01:00:00,77.519997,10.2,18.9,0.0
2025-08-22 02:00:00,77.650002,10.7,19.6,0.0
2025-08-22 03:00:00,87.900002,10.8,19.2,0.0
2025-08-22 04:00:00,95.989998,10.8,17.5,0.0
2025-08-22 05:00:00,99.099998,11.6,19.9,24.0
2025-08-22 06:00:00,87.800003,13.0,20.9,116.0
2025-08-22 07:00:00,24.690001,14.2,28.7,254.0
2025-08-22 08:00:00,10.92,15.0,29.4,355.0
2025-08-22 09:00:00,6.7,16.1,28.2,497.0
2025-08-22 10:00:00,7.38,16.9,28.1,586.0
2025-08-22 11:00:00,3.85,17.4,28.3,605.0
2025-08-22 12:00:00,3.9,17.6,29.6,615.0
2025-08-22 13:00:00,4.01,17.6,28.7,570.0
2025-08-22 14:00:00,32.060001,17.4,28.3,490.0
2025-08-22 15:00:00,58.43,16.9,27.2,406.0
2025-08-22 16:00:00,83.080002,16.4,26.8,331.0
2025-08-22 17:00:00,106.07,15.2,25.1,214.0
2025-08-22 18:00:00,113.0,14.1,21.9,89.0
2025-08-22 19:00:00,107.629997,13.1,20.1,9.0
2025-08-22 20:00:00,103.089996,12.4,19.7,0.0
2025-08-22 21:00:00,94.370003,12.1,19.7,0.0
2025-08-22 22:00:00,95.330002,11.7,19.3,0.0
2025-08-22 23:00:00,89.32,11.5,19.3,0.0
2025-08-23 00:00:00,87.760002,11.2,19.4,0.0
2025-08-23 01:00:00,85.209999,10.3,18.5,0.0
2025-08-23 02:00:00,85.559998,10.1,18.3,0.0
2025-08-23 03:00:00,85.599998,9.9,17.2,0.0
2025-08-23 04:00:00,86.669998,9.5,13.4,0.0
2025-08-23 05:00:00,86.779999,9.6,12.6,22.0
2025-08-23 06:00:00,83.57,10.9,11.9,124.0
2025-08-23 07:00:00,62.900002,12.6,13.9,265.0
2025-08-23 08:00:00,14.69,13.7,15.3,361.0
2025-08-23 09:00:00,4.01,15.0,21.0,523.0
2025-08-23 10:00:00,3.0,15.9,20.6,552.0
2025-08-23 11:00:00,2.01,17.2,21.6,613.0
2025-08-23 12:00:00,1.84,17.8,17.6,580.0
2025-08-23 13:00:00,3.52,18.7,17.0,627.0
2025-08-23 14:00:00,12.1,18.6,17.9,581.0
2025-08-23 15:00:00,72.190002,17.8,19.1,444.0
2025-08-23 16:00:00,100.309998,17.1,19.4,369.0
2025-08-23 17:00:00,112.220001,16.2,17.4,225.0
2025-08-23 18:00:00,123.669998,14.9,12.9,96.0
2025-08-23 19:00:00,120.43,13.1,12.2,8.0
2025-08-23 20:00:00,111.160004,12.1,13.6,0.0
2025-08-23 21:00:00,105.279999,11.4,15.6,0.0
2025-08-23 22:00:00,100.5,10.9,15.9,0.0
2025-08-23 23:00:00,95.129997,10.8,16.1,0.0
2025-08-24 00:00:00,94.410004,10.7,16.0,0.0
2025-08-24 01:00:00,92.129997,9.0,16.2,0.0
2025-08-24 02:00:00,91.199997,9.2,17.2,0.0
2025-08-24 03:00:00,90.970001,9.5,17.7,0.0
2025-08-24 04:00:00,90.0,9.9,17.7,0.0
2025-08-24 05:00:00,85.010002,10.6,18.0,21.0
2025-08-24 06:00:00,72.839996,12.3,15.4,123.0
2025-08-24 07:00:00,4.8,14.2,17.3,262.0
2025-08-24 08:00:00,0.31,16.1,20.0,404.0
2025-08-24 09:00:00,0.0,17.6,19.8,532.0
2025-08-24 10:00:00,0.0,18.7,19.1,627.0
2025-08-24 11:00:00,-0.13,19.7,18.7,676.0
2025-08-24 12:00:00,-0.27,20.0,19.0,647.0
2025-08-24 13:00:00,-0.07,20.2,19.7,579.0
2025-08-24 14:00:00,0.0,19.7,21.2,444.0
2025-08-24 15:00:00,63.360001,19.0,23.8,391.0
2025-08-24 16:00:00,99.809998,17.3,23.9,266.0
2025-08-24 17:00:00,110.5,16.4,22.2,210.0
2025-08-24 18:00:00,117.309998,15.4,18.8,88.0
2025-08-24 19:00:00,114.32,14.4,18.0,7.0
2025-08-24 20:00:00,107.5,13.5,17.6,0.0
2025-08-24 21:00:00,100.519997,13.0,16.9,0.0
2025-08-24 22:00:00,95.279999,12.4,17.0,0.0
2025-08-24 23:00:00,87.029999,12.0,17.9,0.0
2025-08-25 00:00:00,84.019997,11.7,18.4,0.0
2025-08-25 01:00:00,82.900002,11.4,17.6,0.0
2025-08-25 02:00:00,83.459999,11.3,17.5,0.0
2025-08-25 03:00:00,100.120003,11.2,17.6,0.0
2025-08-25 04:00:00,115.379997,11.0,16.9,0.0
2025-08-25 05:00:00,125.0,11.4,16.8,19.0
2025-08-25 06:00:00,110.040001,13.0,18.3,123.0
2025-08-25 07:00:00,91.970001,14.5,23.2,253.0
2025-08-25 08:00:00,72.980003,15.8,25.3,373.0
2025-08-25 09:00:00,35.02,17.1,23.5,461.0
2025-08-25 10:00:00,10.0,17.9,21.9,551.0
2025-08-25 11:00:00,5.93,18.9,22.1,684.0
2025-08-25 12:00:00,6.78,19.5,20.9,690.0
2025-08-25 13:00:00,25.200001,20.2,18.3,570.0
2025-08-25 14:00:00,56.43,20.6,18.4,506.0
2025-08-25 15:00:00,86.669998,20.2,18.5,388.0
2025-08-25 16:00:00,111.540001,19.8,20.5,278.0
2025-08-25 17:00:00,159.029999,18.7,19.0,156.0
2025-08-25 18:00:00,232.820007,17.1,12.8,74.0
2025-08-25 19:00:00,138.039993,15.9,9.2,4.0
2025-08-25 20:00:00,115.040001,14.7,8.3,0.0
2025-08-25 21:00:00,105.150002,13.5,9.0,0.0
2025-08-25 22:00:00,105.800003,12.2,10.9,0.0
2025-08-25 23:00:00,100.440002,11.2,10.9,0.0
2025-08-26 00:00:00,96.580002,10.6,10.7,0.0
2025-08-26 01:00:00,94.790001,9.1,9.2,0.0
2025-08-26 02:00:00,96.269997,8.6,8.7,0.0
2025-08-26 03:00:00,106.599998,8.4,8.6,0.0
2025-08-26 04:00:00,124.589996,8.2,7.0,0.0
2025-08-26 05:00:00,123.449997,8.5,6.8,17.0
2025-08-26 06:00:00,106.790001,10.3,5.7,110.0
2025-08-26 07:00:00,90.0,13.3,5.3,243.0
2025-08-26 08:00:00,80.540001,15.5,6.0,382.0
2025-08-26 09:00:00,64.040001,17.6,7.9,491.0
2025-08-26 10:00:00,50.0,18.6,6.8,440.0
2025-08-26 11:00:00,36.59,19.5,5.7,435.0
2025-08-26 12:00:00,50.080002,20.1,8.9,489.0
2025-08-26 13:00:00,72.389999,19.4,9.6,348.0
2025-08-26 14:00:00,88.260002,19.9,11.1,386.0
2025-08-26 15:00:00,105.050003,19.8,12.0,324.0
2025-08-26 16:00:00,131.089996,18.8,12.3,178.0
2025-08-26 17:00:00,196.880005,18.1,11.9,135.0
2025-08-26 18:00:00,180.169998,17.2,10.1,51.0
2025-08-26 19:00:00,123.300003,16.4,10.1,3.0
2025-08-26 20:00:00,109.470001,16.2,8.6,0.0
2025-08-26 21:00:00,97.669998,15.8,8.8,0.0
2025-08-26 22:00:00,96.589996,16.1,9.1,0.0
2025-08-26 23:00:00,89.980003,15.9,12.2,0.0
2025-08-27 00:00:00,86.519997,15.5,13.2,0.0
2025-08-27 01:00:00,87.25,15.7,13.0,0.0
2025-08-27 02:00:00,90.0,15.8,13.6,0.0
2025-08-27 03:00:00,96.07,15.8,15.3,0.0
2025-08-27 04:00:00,109.099998,16.2,16.8,0.0
2025-08-27 05:00:00,115.379997,16.2,17.4,8.0
2025-08-27 06:00:00,113.720001,16.8,18.2,71.0
2025-08-27 07:00:00,101.629997,17.4,17.7,118.0
2025-08-27 08:00:00,86.57,17.4,18.5,91.0
2025-08-27 09:00:00,80.029999,18.4,21.5,178.0
2025-08-27 10:00:00,64.639999,19.7,24.8,466.0
2025-08-27 11:00:00,53.419998,20.1,24.3,450.0
2025-08-27 12:00:00,54.830002,20.7,22.2,533.0
2025-08-27 13:00:00,76.669998,21.6,19.9,524.0
2025-08-27 14:00:00,85.510002,22.2,17.7,525.0
2025-08-27 15:00:00,104.940002,21.9,13.0,338.0
2025-08-27 16:00:00,134.639999,20.0,14.7,208.0
2025-08-27 17:00:00,222.070007,20.2,7.0,148.0
2025-08-27 18:00:00,222.039993,19.9,4.6,48.0
2025-08-27 19:00:00,128.880005,18.6,9.7,3.0
2025-08-27 20:00:00,113.629997,17.5,13.8,0.0
2025-08-27 21:00:00,103.57,16.7,10.2,0.0
2025-08-27 22:00:00,97.150002,16.5,10.1,0.0
2025-08-27 23:00:00,91.919998,15.8,10.2,0.0
2025-08-28 00:00:00,87.889999,15.2,8.4,0.0
2025-08-28 01:00:00,87.089996,13.9,7.6,0.0
2025-08-28 02:00:00,90.230003,13.3,6.2,0.0
2025-08-28 03:00:00,98.720001,12.8,4.6,0.0
2025-08-28 04:00:00,121.629997,12.1,2.9,0.0
2025-08-28 05:00:00,143.789993,12.1,2.6,12.0
2025-08-28 06:00:00,144.130005,13.4,4.6,84.0
2025-08-28 07:00:00,121.989998,15.8,4.4,201.0
2025-08-28 08:00:00,112.269997,17.9,7.0,335.0
2025-08-28 09:00:00,108.129997,19.0,12.0,429.0
2025-08-28 10:00:00,100.889999,19.5,12.2,434.0
2025-08-28 11:00:00,100.959999,20.0,12.7,478.0
2025-08-28 12:00:00,100.889999,20.1,13.1,450.0
2025-08-28 13:00:00,100.660004,20.1,17.3,465.0
2025-08-28 14:00:00,96.220001,20.3,14.4,350.0
2025-08-28 15:00:00,130.0,19.8,15.7,219.0
2025-08-28 16:00:00,160.979996,19.3,11.7,97.0
2025-08-28 17:00:00,210.0,18.5,16.2,49.0
2025-08-28 18:00:00,153.160004,18.4,11.4,39.0
2025-08-28 19:00:00,124.18,17.8,13.7,1.0
2025-08-28 20:00:00,107.110001,17.5,16.2,0.0
2025-08-28 21:00:00,92.150002,17.4,12.2,0.0
2025-08-28 22:00:00,85.040001,17.0,12.8,0.0
2025-08-28 23:00:00,83.269997,16.8,11.5,0.0
2025-08-29 00:00:00,83.099998,16.6,9.4,0.0
2025-08-29 01:00:00,81.589996,16.2,7.9,0.0
2025-08-29 02:00:00,83.010002,15.8,5.2,0.0
2025-08-29 03:00:00,91.0,15.0,1.9,0.0
2025-08-29 04:00:00,117.550003,14.6,6.3,0.0
2025-08-29 05:00:00,121.389999,14.9,7.1,10.0
2025-08-29 06:00:00,120.0,15.6,8.2,75.0
2025-08-29 07:00:00,110.389999,16.6,11.1,185.0
2025-08-29 08:00:00,84.459999,17.7,12.8,287.0
2025-08-29 09:00:00,78.779999,18.9,12.2,402.0
2025-08-29 10:00:00,68.449997,19.7,12.2,536.0
2025-08-29 11:00:00,54.919998,20.4,10.1,563.0
2025-08-29 12:00:00,60.459999,21.3,9.5,610.0
2025-08-29 13:00:00,74.300003,21.2,10.5,436.0
2025-08-29 14:00:00,85.0,20.2,12.4,232.0
2025-08-29 15:00:00,104.82,20.1,11.0,174.0
2025-08-29 16:00:00,118.639999,19.8,10.9,235.0
2025-08-29 17:00:00,147.679993,18.9,9.4,140.0
2025-08-29 18:00:00,116.5,17.7,8.4,59.0
2025-08-29 19:00:00,111.959999,16.7,9.2,2.0
2025-08-29 20:00:00,95.699997,16.1,8.0,0.0
2025-08-29 21:00:00,86.07,15.8,6.5,0.0
2025-08-29 22:00:00,92.5,15.4,8.5,0.0
2025-08-29 23:00:00,86.559998,15.0,6.9,0.0
2025-08-30 00:00:00,83.279999,14.6,5.6,0.0
2025-08-30 01:00:00,81.510002,15.4,10.8,0.0
2025-08-30 02:00:00,83.389999,15.4,11.6,0.0
2025-08-30 03:00:00,87.410004,15.4,12.9,0.0
2025-08-30 04:00:00,95.019997,15.4,14.1,0.0
2025-08-30 05:00:00,98.089996,15.7,13.9,9.0
2025-08-30 06:00:00,89.639999,16.4,15.3,66.0
2025-08-30 07:00:00,78.599998,17.0,14.3,144.0
2025-08-30 08:00:00,36.459999,17.8,18.2,282.0
2025-08-30 09:00:00,5.23,17.4,11.4,282.0
2025-08-30 10:00:00,3.7,18.4,13.9,331.0
2025-08-30 11:00:00,3.25,19.7,12.8,543.0
2025-08-30 12:00:00,2.88,20.3,13.7,471.0
2025-08-30 13:00:00,8.62,19.9,10.5,455.0
2025-08-30 14:00:00,9.48,19.1,7.0,439.0
2025-08-30 15:00:00,73.040001,20.0,9.0,391.0
2025-08-30 16:00:00,94.699997,19.5,11.8,289.0
2025-08-30 17:00:00,115.220001,18.8,11.4,165.0
2025-08-30 18:00:00,127.059998,17.8,9.5,48.0
2025-08-30 19:00:00,110.57,16.5,10.6,1.0
2025-08-30 20:00:00,99.290001,15.8,9.8,0.0
2025-08-30 21:00:00,87.800003,15.1,9.5,0.0
2025-08-30 22:00:00,85.459999,14.6,10.1,0.0
2025-08-30 23:00:00,78.910004,14.2,9.7,0.0
2025-08-31 00:00:00,67.720001,14.0,9.5,0.0
2025-08-31 01:00:00,64.089996,13.7,9.2,0.0
2025-08-31 02:00:00,60.93,13.7,8.9,0.0
2025-08-31 03:00:00,60.790001,13.9,9.2,0.0
2025-08-31 04:00:00,61.119999,14.3,11.2,0.0
2025-08-31 05:00:00,54.52,14.9,12.2,8.0
2025-08-31 06:00:00,22.299999,15.8,12.9,35.0
2025-08-31 07:00:00,5.2,16.8,12.4,96.0
2025-08-31 08:00:00,1.94,18.0,14.7,233.0
2025-08-31 09:00:00,1.64,18.9,15.7,311.0
2025-08-31 10:00:00,1.83,20.2,16.9,481.0
2025-08-31 11:00:00,1.66,20.5,17.1,404.0
2025-08-31 12:00:00,0.0,19.5,13.5,158.0
2025-08-31 13:00:00,0.0,21.4,16.6,470.0
2025-08-31 14:00:00,25.469999,21.5,16.2,385.0
2025-08-31 15:00:00,79.739998,20.8,12.4,216.0
2025-08-31 16:00:00,116.360001,20.8,11.1,253.0
2025-08-31 17:00:00,135.100006,20.3,8.9,122.0
2025-08-31 18:00:00,131.389999,19.4,10.2,34.0
2025-08-31 19:00:00,114.150002,19.0,12.6,0.0
2025-08-31 20:00:00,100.860001,18.9,13.0,0.0
2025-08-31 21:00:00,88.800003,18.2,9.2,0.0
2025-08-31 22:00:00,81.449997,17.8,10.4,0.0
2025-08-31 23:00:00,80.589996,17.6,11.3,0.0
2025-09-01 00:00:00,78.980003,17.7,14.1,0.0
2025-09-01 01:00:00,74.940002,18.1,16.2,0.0
2025-09-01 02:00:00,74.330002,18.3,17.0,0.0
2025-09-01 03:00:00,85.760002,18.1,18.8,0.0
2025-09-01 04:00:00,113.970001,18.0,18.8,0.0
2025-09-01 05:00:00,123.129997,17.9,19.8,7.0
2025-09-01 06:00:00,114.239998,18.5,20.7,58.0
2025-09-01 07:00:00,98.190002,18.8,20.3,142.0
2025-09-01 08:00:00,82.0,19.4,20.6,241.0
2025-09-01 09:00:00,69.400002,20.0,21.7,332.0
2025-09-01 10:00:00,38.27,20.5,22.4,348.0
2025-09-01 11:00:00,25.030001,21.1,25.1,453.0
2025-09-01 12:00:00,42.73,21.2,25.7,452.0
2025-09-01 13:00:00,67.760002,21.7,15.7,310.0
2025-09-01 14:00:00,84.669998,21.5,14.2,295.0
2025-09-01 15:00:00,109.699997,19.0,16.5,91.0
2025-09-01 16:00:00,155.320007,17.3,12.1,30.0
2025-09-01 17:00:00,250.649994,17.0,11.6,18.0
2025-09-01 18:00:00,210.559998,16.5,11.9,10.0
2025-09-01 19:00:00,125.199997,16.2,10.5,0.0
2025-09-01 20:00:00,112.400002,15.3,4.5,0.0
2025-09-01 21:00:00,100.529999,14.1,3.4,0.0
2025-09-01 22:00:00,95.010002,13.9,3.9,0.0
2025-09-01 23:00:00,90.110001,13.7,5.7,0.0
2025-09-02 00:00:00,90.839996,13.6,6.3,0.0
2025-09-02 01:00:00,92.5,12.8,4.4,0.0
2025-09-02 02:00:00,94.800003,12.8,4.6,0.0
2025-09-02 03:00:00,106.849998,13.0,4.9,0.0
2025-09-02 04:00:00,118.470001,13.2,5.9,0.0
2025-09-02 05:00:00,153.669998,13.9,7.2,6.0
2025-09-02 06:00:00,147.479996,15.0,9.9,62.0
2025-09-02 07:00:00,121.050003,16.3,9.5,149.0
2025-09-02 08:00:00,102.139999,17.6,10.3,318.0
2025-09-02 09:00:00,84.660004,18.6,10.0,401.0
2025-09-02 10:00:00,78.940002,19.4,10.7,490.0
2025-09-02 11:00:00,79.730003,19.5,12.7,480.0
2025-09-02 12:00:00,78.540001,19.3,14.4,464.0
2025-09-02 13:00:00,84.370003,19.0,17.1,429.0
2025-09-02 14:00:00,95.0,17.9,16.6,353.0
2025-09-02 15:00:00,108.970001,18.3,11.3,392.0
2025-09-02 16:00:00,173.160004,18.3,9.9,249.0
2025-09-02 17:00:00,311.51001,16.8,5.6,116.0
2025-09-02 18:00:00,263.790009,16.1,5.1,39.0
2025-09-02 19:00:00,140.919998,15.5,8.7,0.0
2025-09-02 20:00:00,110.470001,15.0,9.8,0.0
2025-09-02 21:00:00,91.209999,14.3,8.7,0.0
2025-09-02 22:00:00,97.25,13.7,9.9,0.0
2025-09-02 23:00:00,90.739998,13.3,9.1,0.0
2025-09-03 00:00:00,85.949997,12.9,8.2,0.0
2025-09-03 01:00:00,81.720001,12.5,9.2,0.0
2025-09-03 02:00:00,81.230003,12.8,8.9,0.0
2025-09-03 03:00:00,79.5,13.6,9.7,0.0
2025-09-03 04:00:00,93.449997,14.2,12.5,0.0
2025-09-03 05:00:00,105.610001,14.4,12.5,6.0
2025-09-03 06:00:00,105.199997,15.6,15.3,85.0
2025-09-03 07:00:00,85.300003,17.1,15.1,221.0
2025-09-03 08:00:00,29.040001,17.9,18.6,263.0
2025-09-03 09:00:00,2.84,19.3,21.9,465.0
2025-09-03 10:00:00,2.38,20.0,24.3,544.0
2025-09-03 11:00:00,2.11,20.6,25.5,578.0
2025-09-03 12:00:00,2.31,20.8,26.9,563.0
2025-09-03 13:00:00,2.02,20.7,26.7,412.0
2025-09-03 14:00:00,10.0,19.7,24.9,144.0
2025-09-03 15:00:00,63.459999,20.1,27.5,202.0
2025-09-03 16:00:00,80.93,20.6,25.7,213.0
2025-09-03 17:00:00,96.309998,19.2,23.6,86.0
2025-09-03 18:00:00,90.300003,18.5,22.4,15.0
2025-09-03 19:00:00,60.880001,19.4,23.3,0.0
2025-09-03 20:00:00,44.189999,19.7,24.4,0.0
2025-09-03 21:00:00,38.349998,19.5,23.7,0.0
2025-09-03 22:00:00,15.1,19.6,24.9,0.0
2025-09-03 23:00:00,15.04,19.5,24.3,0.0
2025-09-04 00:00:00,14.88,19.4,24.2,0.0
2025-09-04 01:00:00,15.09,19.4,24.2,0.0
2025-09-04 02:00:00,24.280001,18.9,21.9,0.0
2025-09-04 03:00:00,44.599998,18.6,19.1,0.0
2025-09-04 04:00:00,73.089996,18.0,18.3,0.0
2025-09-04 05:00:00,96.82,17.5,17.3,5.0
2025-09-04 06:00:00,98.0,18.0,17.0,69.0
2025-09-04 07:00:00,77.809998,18.7,20.1,181.0
2025-09-04 08:00:00,41.450001,19.1,20.0,301.0
2025-09-04 09:00:00,5.79,20.0,19.3,416.0
2025-09-04 10:00:00,3.2,20.9,18.8,521.0
2025-09-04 11:00:00,3.36,21.5,18.4,567.0
2025-09-04 12:00:00,34.889999,21.3,19.2,560.0
2025-09-04 13:00:00,71.0,21.2,17.4,474.0
2025-09-04 14:00:00,89.519997,21.3,15.5,455.0
2025-09-04 15:00:00,109.129997,20.9,14.2,365.0
2025-09-04 16:00:00,191.800003,19.5,14.0,203.0
2025-09-04 17:00:00,350.0,19.0,11.9,121.0
2025-09-04 18:00:00,218.820007,18.0,9.6,32.0
2025-09-04 19:00:00,124.93,17.0,8.1,0.0
2025-09-04 20:00:00,112.139999,16.2,8.3,0.0
2025-09-04 21:00:00,101.300003,15.7,6.3,0.0
2025-09-04 22:00:00,95.25,15.7,7.6,0.0
2025-09-04 23:00:00,86.099998,16.1,10.1,0.0
2025-09-05 00:00:00,85.260002,16.8,11.3,0.0
2025-09-05 01:00:00,85.199997,16.6,11.0,0.0
2025-09-05 02:00:00,85.599998,16.4,10.7,0.0
2025-09-05 03:00:00,97.360001,16.8,10.0,0.0
2025-09-05 04:00:00,119.160004,16.8,10.0,0.0
2025-09-05 05:00:00,132.130005,16.6,9.9,1.0
2025-09-05 06:00:00,125.75,16.5,11.0,17.0
2025-09-05 07:00:00,100.400002,16.4,8.9,41.0
2025-09-05 08:00:00,87.830002,16.6,7.8,77.0
2025-09-05 09:00:00,84.150002,16.6,6.5,96.0
2025-09-05 10:00:00,78.25,17.3,8.8,198.0
2025-09-05 11:00:00,72.190002,17.3,8.7,121.0
2025-09-05 12:00:00,70.169998,18.4,10.5,274.0
2025-09-05 13:00:00,77.529999,18.8,12.2,375.0
2025-09-05 14:00:00,85.0,19.3,12.8,411.0
2025-09-05 15:00:00,90.959999,19.4,14.7,374.0
2025-09-05 16:00:00,108.949997,18.9,16.8,269.0
2025-09-05 17:00:00,154.529999,18.1,13.9,136.0
2025-09-05 18:00:00,150.75,16.7,12.3,34.0
2025-09-05 19:00:00,117.099998,15.6,12.0,0.0
2025-09-05 20:00:00,107.709999,14.6,11.9,0.0
2025-09-05 21:00:00,100.699997,14.0,12.2,0.0
2025-09-05 22:00:00,101.209999,13.5,12.3,0.0
2025-09-05 23:00:00,100.589996,13.2,12.4,0.0
2025-09-06 00:00:00,99.57,12.9,12.6,0.0
2025-09-06 01:00:00,97.839996,12.2,12.6,0.0
2025-09-06 02:00:00,96.959999,12.0,12.1,0.0
2025-09-06 03:00:00,98.010002,11.7,12.2,0.0
2025-09-06 04:00:00,97.870003,11.6,12.8,0.0
2025-09-06 05:00:00,100.910004,11.6,12.8,4.0
2025-09-06 06:00:00,95.980003,12.6,12.6,76.0
2025-09-06 07:00:00,79.110001,14.3,10.1,207.0
2025-09-06 08:00:00,11.35,16.0,11.5,346.0
2025-09-06 09:00:00,2.08,17.3,12.5,456.0
2025-09-06 10:00:00,2.06,18.3,13.3,535.0
2025-09-06 11:00:00,0.26,19.1,13.1,568.0
2025-09-06 12:00:00,0.0,19.7,12.3,552.0
2025-09-06 13:00:00,-0.01,20.0,9.5,535.0
2025-09-06 14:00:00,40.990002,20.3,9.1,455.0
2025-09-06 15:00:00,87.599998,20.1,6.9,307.0
2025-09-06 16:00:00,116.470001,19.8,5.8,238.0
2025-09-06 17:00:00,158.389999,18.9,4.7,120.0
2025-09-06 18:00:00,139.539993,17.1,5.2,30.0
2025-09-06 19:00:00,109.949997,15.7,8.1,0.0
2025-09-06 20:00:00,92.949997,14.6,7.5,0.0
2025-09-06 21:00:00,82.559998,13.8,7.0,0.0
2025-09-06 22:00:00,89.720001,13.1,7.0,0.0
2025-09-06 23:00:00,85.019997,12.3,4.7,0.0
2025-09-07 00:00:00,80.769997,12.3,3.5,0.0
2025-09-07 01:00:00,78.040001,11.6,4.9,0.0
2025-09-07 02:00:00,77.57,11.7,5.4,0.0
2025-09-07 03:00:00,77.440002,11.8,5.3,0.0
2025-09-07 04:00:00,78.040001,11.4,5.4,0.0
2025-09-07 05:00:00,55.48,11.8,5.1,3.0
2025-09-07 06:00:00,0.0,13.9,5.0,74.0
2025-09-07 07:00:00,-0.09,15.8,7.9,198.0
2025-09-07 08:00:00,-0.01,16.8,9.6,339.0
2025-09-07 09:00:00,-8.96,17.8,10.1,462.0
2025-09-07 10:00:00,-25.32,18.6,11.0,559.0
2025-09-07 11:00:00,-34.040001,19.0,13.2,615.0
2025-09-07 12:00:00,-31.790001,19.0,13.6,629.0
2025-09-07 13:00:00,-12.1,19.4,14.9,590.0
2025-09-07 14:00:00,1.66,19.1,15.4,524.0
2025-09-07 15:00:00,3.36,18.8,15.2,410.0
2025-09-07 16:00:00,92.559998,18.3,15.1,267.0
2025-09-07 17:00:00,108.110001,17.5,14.1,138.0
2025-09-07 18:00:00,96.25,16.7,15.8,30.0
2025-09-07 19:00:00,86.019997,16.6,16.4,0.0
2025-09-07 20:00:00,85.010002,16.4,15.1,0.0
2025-09-07 21:00:00,82.57,16.1,14.7,0.0
2025-09-07 22:00:00,69.199997,15.8,15.0,0.0
2025-09-07 23:00:00,69.040001,15.6,15.1,0.0
2025-09-08 00:00:00,70.480003,15.2,14.2,0.0
2025-09-08 01:00:00,70.410004,14.6,14.1,0.0
2025-09-08 02:00:00,72.449997,14.5,14.9,0.0
2025-09-08 03:00:00,74.940002,14.5,15.3,0.0
2025-09-08 04:00:00,94.290001,14.5,15.6,0.0
2025-09-08 05:00:00,106.489998,14.7,16.7,2.0
2025-09-08 06:00:00,113.550003,15.5,18.9,69.0
2025-09-08 07:00:00,101.849998,16.6,22.2,186.0
2025-09-08 08:00:00,85.830002,17.4,21.9,300.0
2025-09-08 09:00:00,73.910004,17.9,20.2,370.0
2025-09-08 10:00:00,63.619999,18.6,18.4,461.0
2025-09-08 11:00:00,58.02,19.3,18.0,515.0
2025-09-08 12:00:00,65.610001,19.5,15.4,490.0
2025-09-08 13:00:00,72.160004,20.1,17.1,547.0
2025-09-08 14:00:00,90.080002,20.1,16.0,486.0
2025-09-08 15:00:00,124.279999,20.0,14.3,398.0
2025-09-08 16:00:00,196.610001,19.6,12.0,270.0
2025-09-08 17:00:00,413.660004,18.7,9.8,133.0
2025-09-08 18:00:00,308.519989,17.5,8.5,25.0
2025-09-08 19:00:00,152.0,17.2,9.1,0.0
2025-09-08 20:00:00,123.93,17.1,9.9,0.0
2025-09-08 21:00:00,113.120003,16.9,13.6,0.0
2025-09-08 22:00:00,114.519997,16.5,12.6,0.0
2025-09-08 23:00:00,112.459999,16.1,10.3,0.0
2025-09-09 00:00:00,110.349998,15.9,8.4,0.0
2025-09-09 01:00:00,109.800003,15.7,9.5,0.0
2025-09-09 02:00:00,109.989998,15.5,9.0,0.0
2025-09-09 03:00:00,118.18,15.5,8.4,0.0
2025-09-09 04:00:00,182.389999,15.3,6.9,0.0
2025-09-09 05:00:00,293.5,15.1,7.0,2.0
2025-09-09 06:00:00,196.979996,15.9,9.8,66.0
2025-09-09 07:00:00,127.589996,17.4,11.9,190.0
2025-09-09 08:00:00,101.730003,18.2,8.5,322.0
2025-09-09 09:00:00,98.919998,19.2,8.0,432.0
2025-09-09 10:00:00,85.68,19.8,9.6,519.0
2025-09-09 11:00:00,83.230003,20.1,10.3,557.0
2025-09-09 12:00:00,82.940002,20.3,11.6,589.0
2025-09-09 13:00:00,89.599998,19.9,20.1,551.0
2025-09-09 14:00:00,99.959999,19.9,13.9,463.0
2025-09-09 15:00:00,127.410004,19.3,13.4,283.0
2025-09-09 16:00:00,192.679993,19.2,11.1,232.0
2025-09-09 17:00:00,386.399994,18.7,11.9,106.0
2025-09-09 18:00:00,215.589996,18.3,13.3,17.0
2025-09-09 19:00:00,132.369995,18.1,13.3,0.0
2025-09-09 20:00:00,113.709999,18.3,15.2,0.0
2025-09-09 21:00:00,106.0,18.2,16.9,0.0
2025-09-09 22:00:00,100.720001,17.7,17.5,0.0
2025-09-09 23:00:00,101.160004,17.1,16.6,0.0
2025-09-10 00:00:00,98.480003,16.9,14.8,0.0
2025-09-10 01:00:00,99.169998,16.9,16.1,0.0
2025-09-10 02:00:00,100.139999,16.8,13.5,0.0
2025-09-10 03:00:00,107.639999,16.9,11.0,0.0
2025-09-10 04:00:00,131.039993,16.9,12.2,0.0
2025-09-10 05:00:00,218.809998,17.2,15.3,1.0
2025-09-10 06:00:00,171.919998,17.6,18.5,34.0
2025-09-10 07:00:00,125.900002,18.0,17.9,92.0
2025-09-10 08:00:00,107.330002,18.3,17.8,182.0
2025-09-10 09:00:00,97.199997,19.1,19.6,309.0
2025-09-10 10:00:00,80.300003,19.5,19.2,336.0
2025-09-10 11:00:00,78.0,19.1,23.0,332.0
2025-09-10 12:00:00,82.099998,17.7,12.7,289.0
2025-09-10 13:00:00,83.199997,17.1,21.2,301.0
2025-09-10 14:00:00,96.709999,18.2,17.7,373.0
2025-09-10 15:00:00,123.660004,17.1,22.3,224.0
2025-09-10 16:00:00,170.589996,16.7,14.4,64.0
2025-09-10 17:00:00,275.190002,16.8,11.1,43.0
2025-09-10 18:00:00,169.070007,16.5,12.4,6.0
2025-09-10 19:00:00,122.940002,16.1,10.4,0.0
2025-09-10 20:00:00,101.580002,16.0,8.8,0.0
2025-09-10 21:00:00,87.629997,15.7,8.8,0.0
2025-09-10 22:00:00,82.57,15.2,7.2,0.0
2025-09-10 23:00:00,79.239998,14.8,7.7,0.0
2025-09-11 00:00:00,71.540001,14.7,7.6,0.0
2025-09-11 01:00:00,65.230003,15.0,4.7,0.0
2025-09-11 02:00:00,65.169998,14.6,6.9,0.0
2025-09-11 03:00:00,66.599998,14.2,8.1,0.0
2025-09-11 04:00:00,85.870003,13.9,8.4,0.0
2025-09-11 05:00:00,85.800003,13.8,9.1,1.0
2025-09-11 06:00:00,87.0,14.8,12.1,59.0
2025-09-11 07:00:00,63.630001,16.2,13.3,187.0
2025-09-11 08:00:00,41.09,17.2,15.2,323.0
2025-09-11 09:00:00,8.23,17.9,15.5,438.0
2025-09-11 10:00:00,4.08,18.6,16.6,526.0
2025-09-11 11:00:00,2.97,19.0,19.5,545.0
2025-09-11 12:00:00,4.25,19.3,21.3,537.0
2025-09-11 13:00:00,2.82,18.1,19.4,375.0
2025-09-11 14:00:00,8.96,18.5,22.2,311.0
2025-09-11 15:00:00,68.0,18.0,22.4,327.0
2025-09-11 16:00:00,106.68,17.3,18.0,188.0
2025-09-11 17:00:00,128.0,16.6,15.9,111.0
2025-09-11 18:00:00,123.019997,15.5,15.2,16.0
2025-09-11 19:00:00,103.190002,14.5,13.3,0.0
2025-09-11 20:00:00,81.199997,13.8,12.4,0.0
2025-09-11 21:00:00,63.889999,13.6,13.5,0.0
2025-09-11 22:00:00,18.190001,13.9,15.8,0.0
2025-09-11 23:00:00,18.040001,13.6,15.1,0.0
2025-09-12 00:00:00,15.19,13.4,16.0,0.0
2025-09-12 01:00:00,11.13,13.2,16.2,0.0
2025-09-12 02:00:00,13.14,13.1,17.7,0.0
2025-09-12 03:00:00,13.07,13.1,18.8,0.0
2025-09-12 04:00:00,30.1,13.0,19.4,0.0
2025-09-12 05:00:00,60.0,12.6,20.0,0.0
2025-09-12 06:00:00,71.199997,12.8,21.3,46.0
2025-09-12 07:00:00,44.419998,13.6,20.5,154.0
2025-09-12 08:00:00,2.33,14.6,23.9,248.0
2025-09-12 09:00:00,0.0,15.6,20.3,369.0
2025-09-12 10:00:00,-1.83,16.5,21.9,494.0
2025-09-12 11:00:00,-4.06,16.4,21.8,517.0
2025-09-12 12:00:00,-2.01,16.9,25.1,455.0
2025-09-12 13:00:00,-0.96,16.1,24.2,508.0
2025-09-12 14:00:00,-0.01,16.0,24.1,378.0
2025-09-12 15:00:00,51.630001,15.5,24.0,310.0
2025-09-12 16:00:00,90.889999,15.2,19.1,185.0
2025-09-12 17:00:00,120.0,14.6,17.6,98.0
2025-09-12 18:00:00,123.800003,13.6,16.8,13.0
2025-09-12 19:00:00,102.989998,13.0,16.2,0.0
2025-09-12 20:00:00,89.5,12.5,16.7,0.0
2025-09-12 21:00:00,72.260002,12.5,17.1,0.0
2025-09-12 22:00:00,46.84,12.0,17.3,0.0
2025-09-12 23:00:00,34.5,11.8,17.3,0.0
2025-09-13 00:00:00,24.4,11.5,17.8,0.0
2025-09-13 01:00:00,19.65,11.7,19.1,0.0
2025-09-13 02:00:00,19.709999,12.1,17.3,0.0
2025-09-13 03:00:00,18.99,12.5,17.5,0.0
2025-09-13 04:00:00,21.09,12.9,21.0,0.0
2025-09-13 05:00:00,36.549999,12.8,20.2,0.0
2025-09-13 06:00:00,39.0,13.3,20.3,46.0
2025-09-13 07:00:00,37.0,14.4,19.0,163.0
2025-09-13 08:00:00,14.3,15.1,22.0,286.0
2025-09-13 09:00:00,2.37,15.9,21.4,368.0
2025-09-13 10:00:00,1.36,16.5,20.0,405.0
2025-09-13 11:00:00,1.32,17.4,23.7,544.0
2025-09-13 12:00:00,1.37,17.0,27.0,548.0
2025-09-13 13:00:00,0.0,16.7,12.5,453.0
2025-09-13 14:00:00,3.88,15.4,13.5,323.0
2025-09-13 15:00:00,63.0,14.8,19.6,190.0
2025-09-13 16:00:00,97.510002,14.6,16.4,142.0
2025-09-13 17:00:00,116.93,14.4,16.6,83.0
2025-09-13 18:00:00,118.769997,13.9,15.2,12.0
2025-09-13 19:00:00,111.169998,13.6,14.1,0.0
2025-09-13 20:00:00,100.0,13.5,15.8,0.0
2025-09-13 21:00:00,87.18,13.3,15.9,0.0
2025-09-13 22:00:00,85.690002,13.3,14.8,0.0
2025-09-13 23:00:00,77.57,13.2,14.8,0.0
2025-09-14 00:00:00,80.610001,13.1,14.2,0.0
2025-09-14 01:00:00,85.93,13.6,13.1,0.0
2025-09-14 02:00:00,93.769997,13.6,13.4,0.0
2025-09-14 03:00:00,99.82,13.7,13.3,0.0
2025-09-14 04:00:00,100.75,13.3,12.9,0.0
2025-09-14 05:00:00,105.360001,12.7,13.2,0.0
2025-09-14 06:00:00,108.480003,12.7,13.0,31.0
2025-09-14 07:00:00,87.779999,13.3,11.6,147.0
2025-09-14 08:00:00,61.68,14.4,13.5,265.0
2025-09-14 09:00:00,17.58,15.2,12.6,325.0
2025-09-14 10:00:00,6.52,16.0,12.1,419.0
2025-09-14 11:00:00,0.01,16.6,14.5,534.0
2025-09-14 12:00:00,0.0,17.1,13.5,553.0
2025-09-14 13:00:00,0.0,16.7,11.1,416.0
2025-09-14 14:00:00,19.33,16.7,10.2,275.0
2025-09-14 15:00:00,98.199997,16.2,11.6,255.0
2025-09-14 16:00:00,124.339996,15.8,10.4,196.0
2025-09-14 17:00:00,142.020004,14.9,7.3,93.0
2025-09-14 18:00:00,123.220001,13.5,7.8,10.0
2025-09-14 19:00:00,89.669998,12.8,9.2,0.0
2025-09-14 20:00:00,71.639999,12.2,12.3,0.0
2025-09-14 21:00:00,14.27,11.7,10.8,0.0
2025-09-14 22:00:00,15.81,11.4,10.9,0.0
2025-09-14 23:00:00,3.87,11.9,12.9,0.0
2025-09-15 00:00:00,1.39,12.4,12.9,0.0
2025-09-15 01:00:00,0.01,12.8,14.0,0.0
2025-09-15 02:00:00,0.0,13.4,16.1,0.0
2025-09-15 03:00:00,0.9,14.2,20.9,0.0
2025-09-15 04:00:00,-0.06,15.1,29.9,0.0
2025-09-15 05:00:00,0.0,14.7,28.6,0.0
2025-09-15 06:00:00,3.34,14.0,30.3,10.0
2025-09-15 07:00:00,2.34,14.2,32.7,34.0
2025-09-15 08:00:00,4.28,14.4,32.4,62.0
2025-09-15 09:00:00,0.42,15.6,26.7,182.0
2025-09-15 10:00:00,0.0,16.4,25.4,277.0
2025-09-15 11:00:00,-0.01,16.5,28.7,406.0
2025-09-15 12:00:00,-0.01,17.0,29.7,480.0
2025-09-15 13:00:00,-0.07,15.7,28.0,357.0
2025-09-15 14:00:00,0.0,16.2,25.4,326.0
2025-09-15 15:00:00,1.74,15.9,21.3,248.0
2025-09-15 16:00:00,3.9,15.2,26.7,144.0
2025-09-15 17:00:00,25.58,14.5,26.3,75.0
2025-09-15 18:00:00,4.01,13.7,24.6,7.0
2025-09-15 19:00:00,2.84,13.2,25.1,0.0
2025-09-15 20:00:00,2.91,13.2,26.1,0.0
2025-09-15 21:00:00,0.06,13.0,27.3,0.0
2025-09-15 22:00:00,1.64,12.7,27.5,0.0
2025-09-15 23:00:00,-0.05,12.7,26.6,0.0
2025-09-16 00:00:00,-0.11,12.9,26.6,0.0
2025-09-16 01:00:00,-0.56,13.0,25.1,0.0
2025-09-16 02:00:00,0.0,12.9,22.2,0.0
2025-09-16 03:00:00,0.19,12.8,22.3,0.0
2025-09-16 04:00:00,2.32,12.2,19.0,0.0
2025-09-16 05:00:00,18.68,11.9,19.7,0.0
2025-09-16 06:00:00,24.0,12.5,21.4,40.0
2025-09-16 07:00:00,10.0,12.8,20.0,113.0
2025-09-16 08:00:00,2.85,14.0,30.6,93.0
2025-09-16 09:00:00,1.27,14.7,33.0,183.0
2025-09-16 10:00:00,0.13,15.6,31.0,340.0
2025-09-16 11:00:00,0.65,16.2,31.0,314.0
2025-09-16 12:00:00,1.69,17.1,28.4,486.0
2025-09-16 13:00:00,0.77,16.9,30.5,512.0
2025-09-16 14:00:00,1.67,16.8,27.9,416.0
2025-09-16 15:00:00,2.84,16.3,28.5,324.0
2025-09-16 16:00:00,4.46,15.7,26.1,203.0
2025-09-16 17:00:00,6.7,14.6,23.6,75.0
2025-09-16 18:00:00,5.74,13.8,22.7,7.0
2025-09-16 19:00:00,2.9,13.4,22.1,0.0
2025-09-16 20:00:00,4.14,13.2,23.5,0.0
2025-09-16 21:00:00,4.0,12.8,23.0,0.0
2025-09-16 22:00:00,2.37,12.6,24.2,0.0
2025-09-16 23:00:00,3.02,12.4,26.1,0.0
2025-09-17 00:00:00,3.07,12.4,24.6,0.0
2025-09-17 01:00:00,3.07,12.4,23.9,0.0
2025-09-17 02:00:00,3.09,12.4,22.3,0.0
2025-09-17 03:00:00,4.13,12.5,21.9,0.0
2025-09-17 04:00:00,10.0,12.3,20.9,0.0
2025-09-17 05:00:00,59.889999,12.3,21.4,0.0
2025-09-17 06:00:00,52.349998,13.0,22.8,35.0
2025-09-17 07:00:00,4.29,13.9,22.1,113.0
2025-09-17 08:00:00,4.1,14.8,21.5,242.0
2025-09-17 09:00:00,4.12,15.9,29.7,318.0
2025-09-17 10:00:00,9.1,16.4,27.6,392.0
2025-09-17 11:00:00,4.29,16.7,27.4,390.0
2025-09-17 12:00:00,5.63,17.4,26.5,485.0
2025-09-17 13:00:00,7.12,17.1,24.3,402.0
2025-09-17 14:00:00,6.69,17.0,25.4,413.0
2025-09-17 15:00:00,50.0,16.7,22.3,296.0
2025-09-17 16:00:00,92.769997,16.2,20.4,201.0
2025-09-17 17:00:00,116.209999,15.2,17.1,80.0
2025-09-17 18:00:00,110.790001,14.1,15.2,6.0
2025-09-17 19:00:00,90.82,13.3,12.8,0.0
2025-09-17 20:00:00,76.199997,12.6,12.6,0.0
2025-09-17 21:00:00,60.0,12.5,12.1,0.0
2025-09-17 22:00:00,34.509998,13.3,13.1,0.0
2025-09-17 23:00:00,27.700001,13.7,15.2,0.0
2025-09-18 00:00:00,19.48,14.1,19.5,0.0
2025-09-18 01:00:00,14.42,14.2,20.4,0.0
2025-09-18 02:00:00,9.08,14.3,17.0,0.0
2025-09-18 03:00:00,9.1,14.7,16.3,0.0
2025-09-18 04:00:00,45.060001,15.0,17.9,0.0
2025-09-18 05:00:00,80.199997,15.3,18.1,0.0
2025-09-18 06:00:00,92.0,15.8,17.4,18.0
2025-09-18 07:00:00,72.940002,16.6,18.3,69.0
2025-09-18 08:00:00,52.240002,17.3,19.9,175.0
2025-09-18 09:00:00,5.89,18.2,22.3,315.0
2025-09-18 10:00:00,2.36,18.8,25.4,393.0
2025-09-18 11:00:00,2.22,19.4,25.3,441.0
2025-09-18 12:00:00,2.0,19.7,26.1,507.0
2025-09-18 13:00:00,2.34,19.2,28.2,478.0
2025-09-18 14:00:00,15.31,19.1,27.7,432.0
2025-09-18 15:00:00,49.900002,18.7,26.0,327.0
2025-09-18 16:00:00,79.239998,18.0,23.5,211.0
2025-09-18 17:00:00,98.459999,16.8,21.9,81.0
2025-09-18 18:00:00,15.0,15.8,20.9,5.0
2025-09-18 19:00:00,9.05,15.2,22.2,0.0
2025-09-18 20:00:00,5.73,14.7,22.0,0.0
2025-09-18 21:00:00,4.0,14.4,22.0,0.0
2025-09-18 22:00:00,1.68,14.2,18.9,0.0
2025-09-18 23:00:00,6.84,14.1,17.3,0.0
2025-09-19 00:00:00,3.6,14.4,19.8,0.0
2025-09-19 01:00:00,6.39,14.5,16.8,0.0
2025-09-19 02:00:00,8.19,14.7,16.1,0.0
2025-09-19 03:00:00,34.029999,15.0,16.2,0.0
2025-09-19 04:00:00,56.0,15.3,15.8,0.0
2025-09-19 05:00:00,89.0,15.9,16.0,0.0
2025-09-19 06:00:00,103.970001,16.6,15.7,12.0
2025-09-19 07:00:00,95.18,17.2,16.1,42.0
2025-09-19 08:00:00,53.700001,18.4,17.3,140.0
2025-09-19 09:00:00,13.03,19.9,24.3,304.0
2025-09-19 10:00:00,2.36,20.9,25.5,387.0
2025-09-19 11:00:00,2.43,21.3,25.3,402.0
2025-09-19 12:00:00,2.18,21.0,23.1,284.0
2025-09-19 13:00:00,11.97,21.0,25.2,298.0
2025-09-19 14:00:00,49.84,20.6,23.2,231.0
2025-09-19 15:00:00,84.779999,20.1,23.9,192.0
2025-09-19 16:00:00,103.0,19.5,19.1,133.0
2025-09-19 17:00:00,141.399994,18.4,19.1,60.0
2025-09-19 18:00:00,142.699997,17.3,17.8,3.0
2025-09-19 19:00:00,111.82,16.6,18.0,0.0
2025-09-19 20:00:00,86.040001,16.3,17.4,0.0
2025-09-19 21:00:00,78.93,15.8,16.7,0.0
2025-09-19 22:00:00,87.239998,15.6,16.0,0.0
2025-09-19 23:00:00,77.910004,15.6,15.2,0.0
2025-09-20 00:00:00,74.989998,15.6,15.9,0.0
2025-09-20 01:00:00,74.800003,15.5,14.7,0.0
2025-09-20 02:00:00,74.790001,15.4,13.7,0.0
2025-09-20 03:00:00,80.209999,15.2,11.9,0.0
2025-09-20 04:00:00,88.510002,14.7,10.0,0.0
2025-09-20 05:00:00,86.970001,14.3,9.8,0.0
2025-09-20 06:00:00,75.290001,14.6,11.3,30.0
2025-09-20 07:00:00,24.9,15.9,12.4,127.0
2025-09-20 08:00:00,3.02,17.5,12.7,246.0
2025-09-20 09:00:00,2.0,18.0,15.7,183.0
2025-09-20 10:00:00,1.59,19.1,13.7,207.0
2025-09-20 11:00:00,0.25,20.9,18.1,532.0
2025-09-20 12:00:00,0.08,22.1,18.3,536.0
2025-09-20 13:00:00,1.43,23.3,21.1,488.0
2025-09-20 14:00:00,26.360001,23.0,23.3,418.0
2025-09-20 15:00:00,93.839996,21.9,24.4,197.0
2025-09-20 16:00:00,122.730003,20.4,24.5,104.0
2025-09-20 17:00:00,128.619995,18.6,21.1,16.0
2025-09-20 18:00:00,99.080002,17.1,15.8,0.0
2025-09-20 19:00:00,81.949997,16.2,19.2,0.0
2025-09-20 20:00:00,70.059998,15.7,17.8,0.0
2025-09-20 21:00:00,47.209999,15.6,18.8,0.0
2025-09-20 22:00:00,8.07,15.4,18.2,0.0
2025-09-20 23:00:00,3.7,15.4,17.1,0.0
2025-09-21 00:00:00,3.4,15.2,16.0,0.0
2025-09-21 01:00:00,1.65,15.4,16.5,0.0
2025-09-21 02:00:00,1.62,15.9,18.9,0.0
2025-09-21 03:00:00,-0.01,16.6,21.9,0.0
2025-09-21 04:00:00,-0.01,17.0,22.8,0.0
2025-09-21 05:00:00,1.04,17.4,25.0,0.0
2025-09-21 06:00:00,3.01,17.7,27.3,11.0
2025-09-21 07:00:00,1.31,17.7,28.6,86.0
2025-09-21 08:00:00,0.0,17.7,28.2,219.0
2025-09-21 09:00:00,-0.09,18.1,33.3,335.0
2025-09-21 10:00:00,-1.2,18.1,34.8,332.0
2025-09-21 11:00:00,-1.61,17.4,31.7,277.0
2025-09-21 12:00:00,-1.31,16.3,24.5,220.0
2025-09-21 13:00:00,-0.01,14.3,24.9,150.0
2025-09-21 14:00:00,0.27,13.4,22.4,100.0
2025-09-21 15:00:00,3.05,13.6,27.5,98.0
2025-09-21 16:00:00,4.3,13.3,24.1,136.0
2025-09-21 17:00:00,69.940002,12.4,22.6,49.0
2025-09-21 18:00:00,40.400002,11.3,22.0,2.0
2025-09-21 19:00:00,41.990002,10.8,20.9,0.0
2025-09-21 20:00:00,14.07,10.7,21.9,0.0
2025-09-21 21:00:00,20.049999,10.9,23.2,0.0
2025-09-21 22:00:00,3.07,11.0,24.3,0.0
2025-09-21 23:00:00,3.9,11.1,26.0,0.0
2025-09-22 00:00:00,4.02,10.8,25.9,0.0
2025-09-22 01:00:00,4.02,10.0,27.2,0.0
2025-09-22 02:00:00,3.1,9.8,25.7,0.0
2025-09-22 03:00:00,3.34,9.6,25.3,0.0
2025-09-22 04:00:00,5.92,9.3,24.0,0.0
2025-09-22 05:00:00,50.0,9.0,22.3,0.0
2025-09-22 06:00:00,100.720001,9.2,21.1,28.0
2025-09-22 07:00:00,22.719999,10.2,20.3,140.0
2025-09-22 08:00:00,4.4,11.3,24.0,275.0
2025-09-22 09:00:00,3.02,12.1,26.4,384.0
2025-09-22 10:00:00,2.31,12.8,29.1,451.0
2025-09-22 11:00:00,2.4,13.3,30.1,488.0
2025-09-22 12:00:00,3.03,13.2,28.7,419.0
2025-09-22 13:00:00,2.4,12.7,26.3,316.0
2025-09-22 14:00:00,3.06,13.0,23.3,337.0
2025-09-22 15:00:00,77.910004,12.6,23.1,272.0
2025-09-22 16:00:00,128.080002,11.7,17.6,136.0
2025-09-22 17:00:00,140.919998,10.8,14.5,35.0
2025-09-22 18:00:00,130.0,10.3,15.7,1.0
2025-09-22 19:00:00,114.239998,9.9,15.2,0.0
2025-09-22 20:00:00,97.720001,9.5,15.5,0.0
2025-09-22 21:00:00,89.989998,9.4,16.0,0.0
2025-09-22 22:00:00,88.599998,9.1,15.5,0.0
2025-09-22 23:00:00,90.0,8.6,14.9,0.0
2025-09-23 00:00:00,89.730003,8.4,15.5,0.0
2025-09-23 01:00:00,89.93,7.3,16.0,0.0
2025-09-23 02:00:00,91.339996,7.1,14.8,0.0
2025-09-23 03:00:00,98.110001,6.8,13.5,0.0
2025-09-23 04:00:00,122.010002,6.6,12.6,0.0
2025-09-23 05:00:00,172.360001,6.3,13.0,0.0
2025-09-23 06:00:00,162.800003,6.8,13.7,25.0
2025-09-23 07:00:00,125.760002,8.4,14.6,138.0
2025-09-23 08:00:00,93.919998,10.6,11.8,274.0
2025-09-23 09:00:00,85.510002,12.5,13.2,395.0
2025-09-23 10:00:00,77.540001,13.6,12.8,486.0
2025-09-23 11:00:00,74.239998,14.3,10.6,538.0
2025-09-23 12:00:00,74.25,14.9,9.6,533.0
2025-09-23 13:00:00,84.110001,15.1,5.9,482.0
2025-09-23 14:00:00,85.760002,15.3,6.5,404.0
2025-09-23 15:00:00,102.900002,14.9,8.9,258.0
2025-09-23 16:00:00,136.830002,13.8,12.8,148.0
2025-09-23 17:00:00,149.580002,12.1,13.6,57.0
2025-09-23 18:00:00,115.82,11.1,11.6,1.0
2025-09-23 19:00:00,94.019997,10.4,10.1,0.0
2025-09-23 20:00:00,84.910004,9.8,8.0,0.0
2025-09-23 21:00:00,84.099998,9.3,6.6,0.0
2025-09-23 22:00:00,82.669998,8.6,6.9,0.0
2025-09-23 23:00:00,82.32,7.7,8.4,0.0
2025-09-24 00:00:00,81.610001,7.0,8.9,0.0
2025-09-24 01:00:00,77.949997,5.7,9.5,0.0
2025-09-24 02:00:00,78.589996,5.8,8.4,0.0
2025-09-24 03:00:00,82.669998,6.0,8.3,0.0
2025-09-24 04:00:00,109.760002,6.1,7.9,0.0
2025-09-24 05:00:00,118.010002,6.2,7.6,0.0
2025-09-24 06:00:00,120.449997,6.9,8.8,23.0
2025-09-24 07:00:00,107.0,9.0,8.2,127.0
2025-09-24 08:00:00,85.540001,11.0,6.7,244.0
2025-09-24 09:00:00,70.089996,12.7,8.6,382.0
2025-09-24 10:00:00,27.1,13.5,10.0,474.0
2025-09-24 11:00:00,10.66,13.9,9.7,523.0
2025-09-24 12:00:00,9.9,14.1,9.4,532.0
2025-09-24 13:00:00,15.0,14.3,10.3,496.0
2025-09-24 14:00:00,66.099998,14.1,10.0,419.0
2025-09-24 15:00:00,85.690002,13.6,9.1,309.0
2025-09-24 16:00:00,113.080002,13.0,8.1,176.0
2025-09-24 17:00:00,115.93,11.8,9.2,53.0
2025-09-24 18:00:00,113.949997,10.9,10.9,0.0
2025-09-24 19:00:00,91.290001,10.3,10.2,0.0
2025-09-24 20:00:00,85.5,9.9,10.4,0.0
2025-09-24 21:00:00,69.68,9.7,10.2,0.0
2025-09-24 22:00:00,73.300003,9.7,9.6,0.0
2025-09-24 23:00:00,69.690002,9.7,9.4,0.0
2025-09-25 00:00:00,67.809998,9.9,8.9,0.0
2025-09-25 01:00:00,68.089996,8.9,9.7,0.0
2025-09-25 02:00:00,71.690002,9.1,9.5,0.0
2025-09-25 03:00:00,77.330002,9.2,9.3,0.0
2025-09-25 04:00:00,108.550003,9.2,7.7,0.0
2025-09-25 05:00:00,124.260002,9.0,5.9,0.0
2025-09-25 06:00:00,125.580002,9.2,5.1,20.0
2025-09-25 07:00:00,104.879997,11.1,6.0,126.0
2025-09-25 08:00:00,77.949997,12.7,4.5,257.0
2025-09-25 09:00:00,69.239998,13.6,5.9,375.0
2025-09-25 10:00:00,38.18,14.2,7.6,465.0
2025-09-25 11:00:00,16.030001,14.7,10.2,517.0
2025-09-25 12:00:00,20.1,14.9,12.0,525.0
2025-09-25 13:00:00,43.66,15.0,14.7,490.0
2025-09-25 14:00:00,75.0,14.9,15.7,414.0
2025-09-25 15:00:00,88.790001,14.4,17.3,302.0
2025-09-25 16:00:00,117.040001,13.7,16.0,173.0
2025-09-25 17:00:00,121.470001,12.6,14.5,50.0
2025-09-25 18:00:00,123.75,11.9,13.6,0.0
2025-09-25 19:00:00,105.830002,12.4,15.5,0.0
2025-09-25 20:00:00,94.769997,12.4,13.7,0.0
2025-09-25 21:00:00,81.089996,12.3,14.4,0.0
2025-09-25 22:00:00,78.480003,12.5,16.2,0.0
2025-09-25 23:00:00,75.0,12.4,15.3,0.0
2025-09-26 00:00:00,73.169998,12.2,15.3,0.0
2025-09-26 01:00:00,73.18,11.6,17.3,0.0
2025-09-26 02:00:00,74.93,11.8,17.8,0.0
2025-09-26 03:00:00,79.730003,11.8,17.5,0.0
2025-09-26 04:00:00,90.769997,11.8,17.8,0.0
2025-09-26 05:00:00,117.099998,11.8,18.5,0.0
2025-09-26 06:00:00,123.559998,12.1,18.8,18.0
2025-09-26 07:00:00,103.730003,12.9,20.8,120.0
2025-09-26 08:00:00,61.349998,13.5,24.2,249.0
2025-09-26 09:00:00,6.7,13.9,24.9,367.0
2025-09-26 10:00:00,4.1,14.1,23.7,450.0
2025-09-26 11:00:00,5.4,14.5,25.0,507.0
2025-09-26 12:00:00,4.4,14.9,23.8,474.0
2025-09-26 13:00:00,6.84,15.2,23.9,454.0
2025-09-26 14:00:00,6.7,15.1,23.4,393.0
2025-09-26 15:00:00,39.360001,14.9,23.0,287.0
2025-09-26 16:00:00,86.300003,14.5,20.9,165.0
2025-09-26 17:00:00,104.739998,13.9,22.1,45.0
2025-09-26 18:00:00,94.800003,13.7,23.7,0.0
2025-09-26 19:00:00,80.0,13.4,25.0,0.0
2025-09-26 20:00:00,76.400002,13.2,26.3,0.0
2025-09-26 21:00:00,79.779999,13.2,25.0,0.0
2025-09-26 22:00:00,84.989998,12.8,21.8,0.0
2025-09-26 23:00:00,83.260002,12.6,21.0,0.0
2025-09-27 00:00:00,82.699997,12.6,19.8,0.0
2025-09-27 01:00:00,81.57,12.1,19.7,0.0
2025-09-27 02:00:00,80.32,12.2,20.6,0.0
2025-09-27 03:00:00,81.620003,12.1,21.6,0.0
2025-09-27 04:00:00,90.290001,12.1,23.3,0.0
2025-09-27 05:00:00,100.989998,12.1,22.9,0.0
2025-09-27 06:00:00,106.540001,12.2,21.5,17.0
2025-09-27 07:00:00,94.440002,12.8,22.0,120.0
2025-09-27 08:00:00,54.369999,13.3,23.1,252.0
2025-09-27 09:00:00,15.09,13.8,23.1,370.0
2025-09-27 10:00:00,5.99,14.4,22.9,458.0
2025-09-27 11:00:00,7.4,14.8,23.4,508.0
2025-09-27 12:00:00,10.0,15.3,23.2,504.0
2025-09-27 13:00:00,54.689999,15.8,24.8,476.0
2025-09-27 14:00:00,85.669998,15.8,24.3,401.0
2025-09-27 15:00:00,106.5,15.5,23.3,292.0
2025-09-27 16:00:00,132.929993,14.9,20.7,163.0
2025-09-27 17:00:00,145.919998,14.0,18.8,42.0
2025-09-27 18:00:00,122.529999,13.6,18.6,0.0
2025-09-27 19:00:00,113.019997,13.2,19.0,0.0
2025-09-27 20:00:00,104.639999,12.7,18.4,0.0
2025-09-27 21:00:00,99.540001,12.4,17.5,0.0
2025-09-27 22:00:00,95.349998,12.1,15.9,0.0
2025-09-27 23:00:00,92.330002,11.9,14.5,0.0
2025-09-28 00:00:00,91.970001,11.9,14.4,0.0
2025-09-28 01:00:00,91.470001,11.7,14.6,0.0
2025-09-28 02:00:00,97.769997,11.7,15.0,0.0
2025-09-28 03:00:00,97.580002,11.7,15.0,0.0
2025-09-28 04:00:00,100.910004,11.6,14.5,0.0
2025-09-28 05:00:00,105.790001,11.7,15.4,0.0
2025-09-28 06:00:00,98.769997,11.9,15.7,15.0
2025-09-28 07:00:00,95.040001,12.7,16.4,114.0
2025-09-28 08:00:00,82.080002,13.5,17.9,244.0
2025-09-28 09:00:00,37.470001,14.1,16.9,339.0
2025-09-28 10:00:00,17.110001,14.6,15.7,442.0
2025-09-28 11:00:00,8.53,15.0,15.8,499.0
2025-09-28 12:00:00,13.0,15.3,14.9,500.0
2025-09-28 13:00:00,61.330002,16.1,14.3,457.0
2025-09-28 14:00:00,86.0,16.1,13.1,374.0
2025-09-28 15:00:00,105.889999,15.8,13.2,263.0
2025-09-28 16:00:00,131.020004,15.2,15.0,130.0
2025-09-28 17:00:00,137.970001,14.6,16.5,31.0
2025-09-28 18:00:00,125.93,14.5,16.8,0.0
2025-09-28 19:00:00,113.510002,14.0,14.8,0.0
2025-09-28 20:00:00,102.290001,13.8,15.9,0.0
2025-09-28 21:00:00,95.739998,13.5,17.5,0.0
2025-09-28 22:00:00,90.949997,13.1,16.0,0.0
2025-09-28 23:00:00,88.760002,13.0,17.7,0.0
2025-09-29 00:00:00,87.879997,13.0,17.2,0.0
2025-09-29 01:00:00,87.940002,12.5,15.3,0.0
2025-09-29 02:00:00,88.309998,12.4,16.0,0.0
2025-09-29 03:00:00,98.370003,12.7,17.6,0.0
2025-09-29 04:00:00,127.93,12.6,17.7,0.0
2025-09-29 05:00:00,222.440002,12.4,16.6,0.0
2025-09-29 06:00:00,166.910004,12.6,15.8,10.0
2025-09-29 07:00:00,122.059998,13.4,17.6,75.0
2025-09-29 08:00:00,90.209999,14.0,20.1,156.0
2025-09-29 09:00:00,84.949997,14.0,20.6,284.0
2025-09-29 10:00:00,78.709999,14.6,20.4,359.0
2025-09-29 11:00:00,77.080002,14.9,19.2,398.0
2025-09-29 12:00:00,83.330002,14.7,17.4,372.0
2025-09-29 13:00:00,87.400002,13.6,16.7,134.0
2025-09-29 14:00:00,99.980003,13.9,15.9,123.0
2025-09-29 15:00:00,140.789993,13.7,16.1,76.0
2025-09-29 16:00:00,302.649994,13.5,15.2,40.0
2025-09-29 17:00:00,406.779999,13.2,15.8,16.0
2025-09-29 18:00:00,167.600006,13.0,17.2,0.0
2025-09-29 19:00:00,123.849998,12.5,18.2,0.0
2025-09-29 20:00:00,108.300003,12.1,19.9,0.0
2025-09-29 21:00:00,93.68,11.5,20.5,0.0
2025-09-29 22:00:00,97.43,11.6,19.0,0.0
2025-09-29 23:00:00,91.449997,11.3,19.0,0.0
2025-09-30 00:00:00,98.480003,11.1,18.7,0.0
2025-09-30 01:00:00,92.220001,10.9,16.2,0.0
2025-09-30 02:00:00,98.459999,10.7,16.0,0.0
2025-09-30 03:00:00,107.989998,10.6,15.0,0.0
2025-09-30 04:00:00,141.860001,10.4,14.4,0.0
2025-09-30 05:00:00,244.0,10.5,14.9,0.0
2025-09-30 06:00:00,209.229996,10.6,15.9,11.0
2025-09-30 07:00:00,141.850006,11.6,17.3,104.0
2025-09-30 08:00:00,115.199997,12.3,19.6,226.0
2025-09-30 09:00:00,96.720001,12.7,19.6,311.0
2025-09-30 10:00:00,87.910004,12.9,18.8,341.0
2025-09-30 11:00:00,86.040001,13.2,17.4,401.0
2025-09-30 12:00:00,87.260002,13.5,16.3,419.0
2025-09-30 13:00:00,96.800003,13.7,14.9,393.0
2025-09-30 14:00:00,104.029999,13.8,14.3,345.0
2025-09-30 15:00:00,142.639999,13.5,14.1,237.0
2025-09-30 16:00:00,294.540009,12.9,12.2,111.0
2025-09-30 17:00:00,357.769989,12.0,10.7,26.0
2025-09-30 18:00:00,147.279999,11.5,11.4,0.0
2025-09-30 19:00:00,116.040001,11.3,11.9,0.0
2025-09-30 20:00:00,101.629997,11.2,12.6,0.0
2025-09-30 21:00:00,92.540001,10.9,12.4,0.0
2026-07-05 14:00:00,-0.013333333333333334,17.9,29.9,761.0
2026-07-05 15:00:00,2.175,17.5,29.6,670.0
2026-07-05 16:00:00,12.24000025,16.7,29.1,543.0
2026-07-05 17:00:00,34.32250025,15.7,28.6,401.0
2026-07-05 18:00:00,79.14749900000001,14.6,26.9,253.0
2026-07-05 19:00:00,95.0,13.4,26.1,123.0
2026-07-05 20:00:00,100.89249775,12.3,25.2,28.0
2026-07-05 21:00:00,102.17000025,11.7,25.5,0.0
2026-07-05 22:00:00,132.71750075,11.3,24.8,0.0
2026-07-05 23:00:00,123.790001,11.0,23.9,0.0
2026-07-06 00:00:00,118.70249975,10.9,23.1,0.0
2026-07-06 01:00:00,114.09249875,11.0,21.6,0.0
2026-07-06 02:00:00,114.25,11.1,20.1,0.0
2026-07-06 03:00:00,120.045,11.3,18.2,0.0
2026-07-06 04:00:00,135.7975005,11.5,16.7,7.0
2026-07-06 05:00:00,140.394993,11.4,13.7,14.0
2026-07-06 06:00:00,135.91499925,11.7,9.6,33.0
2026-07-06 07:00:00,112.4900015,11.7,6.9,41.0
2026-07-06 08:00:00,92.98499875,12.0,7.4,66.0
2026-07-06 09:00:00,74.0374995,12.3,7.0,70.0
2026-07-06 10:00:00,43.38999975,13.6,5.1,168.0
2026-07-06 11:00:00,28.029999749999998,14.6,4.9,217.0
2026-07-06 12:00:00,22.25000025,15.1,8.7,220.0
2026-07-06 13:00:00,16.39749975,15.6,8.2,168.0
2026-07-06 14:00:00,32.2300005,15.2,15.0,110.0
2026-07-06 15:00:00,68.36000125,15.0,20.2,105.0
2026-07-06 16:00:00,101.2549995,14.6,19.1,46.0
2026-07-06 17:00:00,116.67999825000001,14.5,20.5,50.0
2026-07-06 18:00:00,132.085003,14.3,19.7,48.0
2026-07-06 19:00:00,132.71749525,14.3,20.7,24.0
2026-07-06 20:00:00,129.24999825,14.1,20.2,5.0
2026-07-06 21:00:00,121.61750025,14.0,19.6,0.0
2026-07-06 22:00:00,105.0,13.9,21.1,0.0
2026-07-06 23:00:00,107.94249925,13.8,21.2,0.0
2026-07-07 00:00:00,101.91749949999999,13.8,19.1,0.0
2026-07-07 01:00:00,97.99250025,13.8,16.7,0.0
2026-07-07 02:00:00,94.494999,13.9,15.8,0.0
2026-07-07 03:00:00,96.367502,14.2,16.1,0.0
2026-07-07 04:00:00,101.40249825000001,14.1,19.2,8.0
2026-07-07 05:00:00,110.29000099999999,14.0,19.9,25.0
2026-07-07 06:00:00,98.807501,14.1,20.2,135.0
2026-07-07 07:00:00,96.8175,14.5,21.1,94.0
2026-07-07 08:00:00,46.152500249999996,15.6,25.3,307.0
2026-07-07 09:00:00,6.465,16.6,29.0,513.0
2026-07-07 10:00:00,1.07,16.3,30.2,340.0
2026-07-07 11:00:00,1.0075,15.7,27.6,269.0
2026-07-07 12:00:00,-0.0125,16.1,30.2,679.0
2026-07-07 13:00:00,0.6925,17.3,37.1,775.0
2026-07-07 14:00:00,3.4524999999999997,16.4,35.5,708.0
2026-07-07 15:00:00,3.3675,16.3,33.7,635.0
2026-07-07 16:00:00,49.5299995,15.9,34.9,534.0
2026-07-07 17:00:00,82.19499975,15.0,33.7,334.0
2026-07-07 18:00:00,84.43749975,14.8,30.0,257.0
2026-07-07 19:00:00,88.8600005,13.6,28.1,125.0
2026-07-07 20:00:00,85.94750025,12.6,26.1,27.0
2026-07-07 21:00:00,80.00749975,12.0,23.8,0.0
2026-07-07 22:00:00,100.577499,11.6,22.3,0.0
2026-07-07 23:00:00,100.00250025,11.3,22.0,0.0
2026-07-08 00:00:00,99.99999975,10.3,20.4,0.0
2026-07-08 01:00:00,103.00249875,10.4,21.4,0.0
2026-07-08 02:00:00,107.0,10.5,21.9,0.0
2026-07-08 03:00:00,104.827501,10.5,21.9,0.0
2026-07-08 04:00:00,109.59749975,11.0,21.4,41.0
2026-07-08 05:00:00,110.56000125,12.2,18.1,146.0
2026-07-08 06:00:00,98.012499,14.0,18.7,282.0
2026-07-08 07:00:00,79.99749825,15.5,19.2,430.0
2026-07-08 08:00:00,74.63500025,16.9,20.6,562.0
2026-07-08 09:00:00,68.09749975,18.1,20.1,678.0
2026-07-08 10:00:00,47.90749925,19.3,19.9,768.0
2026-07-08 11:00:00,21.62,20.2,20.8,818.0
2026-07-08 12:00:00,12.7125,20.9,20.8,752.0
2026-07-08 13:00:00,14.2925,21.1,21.0,777.0
2026-07-08 14:00:00,39.79750025,21.3,21.2,753.0
2026-07-08 15:00:00,78.057499,20.8,22.4,650.0
2026-07-08 16:00:00,96.3925,20.0,21.6,531.0
2026-07-08 17:00:00,125.0,19.0,21.5,347.0
2026-07-08 18:00:00,147.83499899999998,18.0,19.5,214.0
2026-07-08 19:00:00,160.0,16.4,20.4,112.0
2026-07-08 20:00:00,158.8675005,14.7,20.6,24.0
2026-07-08 21:00:00,142.00250225,13.7,20.5,0.0
2026-07-08 22:00:00,135.7824975,13.2,20.5,0.0
2026-07-08 23:00:00,132.147499,12.9,20.2,0.0
2026-07-09 00:00:00,127.317499,12.3,17.4,0.0
2026-07-09 01:00:00,124.557501,12.4,17.8,0.0
2026-07-09 02:00:00,124.93250075,12.5,17.3,0.0
2026-07-09 03:00:00,133.89000125,12.4,16.5,0.0
2026-07-09 04:00:00,145.107502,12.8,15.7,37.0
2026-07-09 05:00:00,147.26250075000002,14.0,12.6,138.0
2026-07-09 06:00:00,138.36250125,15.4,10.8,268.0
2026-07-09 07:00:00,119.00000025,17.1,10.4,409.0
2026-07-09 08:00:00,102.0825005,18.8,9.1,542.0
2026-07-09 09:00:00,90.39000125000001,20.2,7.3,660.0
2026-07-09 10:00:00,70.07249925,21.6,6.4,740.0
2026-07-09 11:00:00,45.879999999999995,22.6,4.5,796.0
2026-07-09 12:00:00,38.72000025,23.4,1.4,814.0
2026-07-09 13:00:00,53.542499500000005,24.1,0.9,795.0
2026-07-09 14:00:00,83.97750099999999,24.5,1.8,732.0
2026-07-09 15:00:00,108.9850005,24.8,3.5,636.0
2026-07-09 16:00:00,131.07249825000002,24.8,7.2,509.0
2026-07-09 17:00:00,167.17249675,24.2,11.8,373.0
2026-07-09 18:00:00,214.78749825,23.0,13.2,235.0
2026-07-09 19:00:00,217.882496,20.9,15.4,115.0
2026-07-09 20:00:00,185.1800005,18.6,16.0,24.0
2026-07-09 21:00:00,163.46750275,16.7,15.9,0.0
2026-07-09 22:00:00,154.050003,15.6,14.5,0.0
2026-07-09 23:00:00,143.55250175,14.9,14.1,0.0
2026-07-10 00:00:00,139.91249875,14.2,13.8,0.0
2026-07-10 01:00:00,138.017498,14.1,13.2,0.0
2026-07-10 02:00:00,138.12250125,13.9,12.5,0.0
2026-07-10 03:00:00,142.53250125,13.6,11.8,0.0
2026-07-10 04:00:00,151.29000100000002,14.1,12.3,36.0
2026-07-10 05:00:00,147.852501,15.3,9.7,135.0
2026-07-10 06:00:00,134.59,16.8,9.9,265.0
2026-07-10 07:00:00,122.20249749999999,18.5,8.2,394.0
2026-07-10 08:00:00,100.54999925,19.9,5.5,519.0
2026-07-10 09:00:00,78.23999975,21.2,2.9,638.0
2026-07-10 10:00:00,59.459998999999996,22.4,1.7,727.0
2026-07-10 11:00:00,37.35999975,23.5,2.6,799.0
2026-07-10 12:00:00,40.950001,24.5,4.3,825.0
2026-07-10 13:00:00,62.099999749999995,25.1,4.8,807.0
2026-07-10 14:00:00,88.38749975,25.5,6.7,744.0
2026-07-10 15:00:00,114.0925005,25.5,5.4,643.0
2026-07-10 16:00:00,128.70000075000002,25.5,5.2,515.0
2026-07-10 17:00:00,165.33749775,25.3,3.5,372.0
2026-07-10 18:00:00,187.38999925000002,25.0,3.2,238.0
2026-07-10 19:00:00,176.984997,23.9,5.2,114.0
2026-07-10 20:00:00,168.0,21.9,5.8,23.0
2026-07-10 21:00:00,154.46249775,20.6,7.0,0.0
2026-07-10 22:00:00,150.39749925,19.5,8.3,0.0
2026-07-10 23:00:00,143.904999,18.7,11.2,0.0
2026-07-11 00:00:00,141.08250425,16.9,10.6,0.0
2026-07-11 01:00:00,140.6050035,16.4,11.1,0.0
2026-07-11 02:00:00,140.39249825000002,15.8,10.1,0.0
2026-07-11 03:00:00,138.89250175,15.3,9.6,0.0
2026-07-11 04:00:00,136.4050025,15.7,8.8,35.0
2026-07-11 05:00:00,124.0475005,17.3,5.6,133.0
2026-07-11 06:00:00,115.4525015,19.4,3.4,261.0
2026-07-11 07:00:00,74.1050005,21.7,3.5,401.0
2026-07-11 08:00:00,16.875,23.8,6.1,531.0
2026-07-11 09:00:00,7.155,25.1,6.5,631.0
2026-07-11 10:00:00,6.699999999999999,26.0,6.4,730.0
2026-07-11 11:00:00,5.8,26.8,6.0,793.0
2026-07-11 12:00:00,5.0975,27.9,4.0,800.0
2026-07-11 13:00:00,5.055,28.1,4.8,780.0
2026-07-11 14:00:00,9.5075,28.1,4.2,712.0
2026-07-11 15:00:00,75.1825005,27.7,5.2,599.0
2026-07-11 16:00:00,120.78499975,27.5,5.4,450.0
2026-07-11 17:00:00,141.170002,27.0,10.5,337.0
2026-07-11 18:00:00,151.892498,26.2,13.4,185.0
2026-07-11 19:00:00,156.4074975,24.2,14.1,95.0
2026-07-11 20:00:00,154.88749725,21.9,13.5,20.0
2026-07-11 21:00:00,145.60000225,20.7,13.5,0.0
2026-07-11 22:00:00,137.4424975,19.7,11.8,0.0
2026-07-11 23:00:00,131.88499825,18.9,11.8,0.0
2026-07-12 00:00:00,125.5700015,17.6,12.1,0.0
2026-07-12 01:00:00,125.09999825,17.1,12.1,0.0
2026-07-12 02:00:00,122.8825015,16.6,10.9,0.0
2026-07-12 03:00:00,119.9799995,16.0,11.8,0.0
2026-07-12 04:00:00,111.612501,15.7,12.2,30.0
2026-07-12 05:00:00,99.77499975,16.4,11.2,118.0
2026-07-12 06:00:00,62.15249925,17.7,8.1,247.0
2026-07-12 07:00:00,5.9625,19.3,7.8,337.0
2026-07-12 08:00:00,1.69,20.8,7.4,401.0
2026-07-12 09:00:00,0.1225,22.7,8.0,560.0
2026-07-12 10:00:00,-1.7625000000000002,24.1,5.1,669.0
2026-07-12 11:00:00,-0.0875,25.2,5.7,696.0
2026-07-12 12:00:00,-0.0825,26.4,5.5,754.0
2026-07-12 13:00:00,-0.7975,26.4,6.8,751.0
2026-07-12 14:00:00,-0.02,25.8,7.9,666.0
